,District_code,BF_13,EMP_13,FC_13,MSL_13,MSW_13,ASSET_13,BF_15,EMP_15,FC_15,MSL_15,MSW_15,ASSET_15,BF_17,EMP_17,FC_17,MSL_17,MSW_17,ASSET_17,BF_19,EMP_19,FC_19,MSL_19,MSW_19,ASSET_19,BF_09,BF_11,EMP_09,EMP_11,FC_09,FC_11,MSL_09,MSL_11,MSW_09,MSW_11,ASSET_09,ASSET_11
1,1,2,1,1,3,3,2,2,1,1,3,3,1,2,1,1,3,3,1,1,1,1,2,2,1,2,2,1,1,1,1,3,3,3,1,1,3
2,2,2,1,1,3,3,2,2,1,1,3,3,2,2,1,1,3,1,1,2,2,1,3,3,2,2,2,1,1,1,1,3,3,3,3,1,2
3,3,2,3,3,3,3,2,2,3,1,3,3,2,2,3,3,3,1,2,1,2,1,2,2,1,2,2,3,3,3,3,3,3,3,1,2,2
4,4,3,1,1,3,3,3,2,1,1,3,3,2,2,2,1,3,3,2,1,1,1,2,2,1,3,3,2,3,1,1,3,3,3,3,2,1
5,5,2,1,1,3,3,3,2,2,1,3,1,1,2,2,1,3,3,2,1,2,1,2,2,1,2,1,3,1,1,1,3,3,3,1,1,2
6,6,2,1,1,3,3,3,3,3,1,3,3,3,2,3,1,3,3,3,2,1,2,1,2,3,2,1,2,1,1,1,3,3,3,1,1,1
7,7,2,3,1,3,3,3,2,1,1,3,3,1,2,3,1,3,1,3,3,3,3,3,3,3,3,1,3,1,1,1,3,3,3,3,3,2
8,8,2,1,1,3,3,2,2,1,1,3,3,2,3,2,1,3,3,3,2,1,1,2,2,1,2,2,1,1,1,1,3,3,3,3,1,3
9,9,2,1,1,3,3,3,2,1,1,3,3,2,3,3,1,3,3,3,1,1,1,1,2,1,2,2,3,1,1,1,3,3,3,3,1,3
10,10,2,1,1,3,3,2,2,1,1,3,3,1,3,3,1,3,3,3,1,1,1,1,2,1,2,3,3,3,1,3,3,3,3,3,1,3
11,11,2,3,3,3,3,3,2,3,1,3,3,2,2,3,1,3,3,3,2,3,3,3,1,3,2,2,3,3,1,1,3,3,3,3,2,3
12,12,2,1,1,3,3,3,2,1,1,3,3,3,2,3,1,3,3,2,1,2,1,3,3,2,2,2,3,1,1,1,3,3,3,3,3,3
13,13,3,3,1,3,3,3,2,2,1,3,3,1,2,2,1,3,3,3,2,2,1,3,3,2,2,2,3,1,1,1,3,3,3,3,3,3
14,14,2,1,1,3,3,2,2,1,1,3,3,1,2,2,1,3,3,2,2,2,1,3,3,1,2,2,1,1,1,1,3,3,3,3,2,2
15,15,2,3,1,3,3,3,2,1,1,3,3,2,2,1,1,3,3,2,2,2,1,3,3,3,2,2,3,1,1,1,3,2,3,3,2,2
16,16,2,3,1,3,3,3,2,1,1,3,3,2,2,3,1,3,3,3,2,3,1,3,1,3,2,2,3,1,1,1,3,3,3,3,1,1
17,17,2,3,3,3,3,3,2,1,1,3,3,2,2,3,1,3,3,3,2,3,1,3,2,3,2,2,1,1,1,1,3,3,3,3,1,3
18,18,3,2,1,3,3,2,2,1,1,3,3,2,2,2,1,3,3,2,2,3,3,3,1,3,2,2,3,1,1,1,3,3,3,3,2,2
19,19,2,3,1,3,3,3,2,1,1,3,3,1,2,3,1,3,1,3,2,3,1,3,1,3,2,1,2,1,1,1,3,3,3,1,1,2
20,20,3,3,1,3,3,3,3,3,1,3,1,3,2,3,1,3,3,3,2,3,1,3,2,3,2,1,1,2,1,1,3,2,3,3,1,3
21,21,2,1,3,3,3,3,2,3,1,3,2,3,3,3,3,3,3,3,2,3,1,3,2,1,2,2,3,3,3,3,3,3,3,3,3,3
22,22,3,3,3,3,3,3,2,1,1,3,3,1,2,3,3,3,3,3,2,3,1,3,1,1,3,3,3,3,3,3,3,3,3,3,3,3
23,23,2,2,1,3,3,2,2,2,1,3,3,2,2,2,1,3,3,2,3,3,1,3,1,3,2,2,2,2,1,1,3,3,3,3,2,2
24,24,2,3,1,3,3,3,2,1,1,3,1,1,2,3,1,3,1,3,2,2,1,3,1,3,2,3,3,3,1,1,3,3,3,3,3,3
25,25,2,1,1,3,3,2,2,1,1,3,3,2,3,1,1,3,3,2,2,2,1,3,1,3,2,3,1,2,1,1,3,3,3,3,2,3
26,26,2,3,1,3,3,3,2,3,1,3,3,2,2,3,1,3,3,2,3,2,1,3,1,3,2,2,2,2,1,1,3,3,3,3,2,2
27,27,3,2,1,3,3,3,3,3,1,3,3,3,2,2,1,3,3,3,1,2,1,3,3,2,2,3,2,2,1,1,3,3,2,3,1,3
28,28,2,1,1,3,1,3,2,1,1,3,3,1,2,1,1,3,1,1,2,1,2,1,2,3,2,3,1,2,1,1,3,3,1,3,1,3
29,29,2,3,1,3,3,3,2,1,1,3,1,1,2,3,1,3,3,3,3,3,3,3,1,3,2,3,3,3,3,1,3,3,3,3,3,3
30,30,3,3,3,3,3,3,3,3,1,3,3,3,2,3,1,3,1,3,2,2,1,3,1,3,2,3,3,2,1,1,3,3,3,3,3,3
31,31,2,3,1,3,1,3,2,3,3,3,1,3,2,1,1,3,1,3,1,1,2,1,2,2,3,3,3,2,1,3,3,3,2,3,3,3
32,32,2,2,1,3,1,1,2,3,1,3,1,3,2,1,1,3,1,1,3,3,3,3,3,3,2,3,2,2,1,1,3,3,2,3,3,2
33,33,2,2,1,3,3,2,2,2,1,3,3,2,2,2,1,3,3,2,1,1,1,1,2,3,2,3,2,2,1,3,3,3,3,3,2,3
34,34,2,1,1,3,3,2,2,1,1,3,3,2,2,1,1,3,3,2,2,3,1,1,2,3,2,3,1,2,1,3,3,3,3,3,2,2
35,35,2,1,1,3,2,3,2,1,1,3,2,1,2,3,3,3,2,3,1,1,2,1,2,2,1,2,1,3,1,3,1,3,2,2,1,3
36,36,3,1,3,3,2,3,1,1,1,3,2,1,3,3,3,3,3,3,2,3,3,3,3,3,1,3,1,3,3,3,3,3,2,3,3,3
37,37,3,1,3,3,2,3,1,1,1,3,2,1,3,3,3,3,2,3,2,1,2,1,2,3,1,3,1,3,2,3,3,3,2,3,3,3
38,38,2,1,1,3,2,3,2,3,1,3,2,1,3,3,1,3,2,3,2,1,3,1,2,3,1,3,1,3,3,3,3,3,2,3,3,3
39,39,3,1,3,3,2,3,2,3,3,3,3,3,3,3,3,3,2,3,2,3,3,3,3,3,3,3,1,3,3,3,3,3,3,2,3,3
40,40,3,1,3,3,3,3,2,3,3,3,3,3,1,1,3,3,2,3,2,3,3,3,3,3,1,3,3,3,3,3,3,3,3,2,3,3
41,41,2,1,3,3,2,3,1,1,3,3,2,1,3,3,3,3,3,3,2,2,1,3,1,1,1,3,1,3,1,3,1,3,2,3,1,3
42,42,3,1,3,3,2,3,1,1,2,1,2,1,2,3,3,3,3,3,2,2,1,2,1,3,2,3,1,1,3,3,3,3,2,2,3,3
43,43,1,1,1,1,2,1,1,1,3,3,2,1,2,1,3,3,3,3,2,2,1,3,1,1,2,2,1,1,1,3,1,3,2,2,3,3
44,44,3,1,3,3,2,3,2,1,1,3,2,3,2,3,3,3,3,3,3,3,3,3,3,3,2,2,1,1,3,3,1,3,2,3,3,3
45,45,3,1,3,3,2,3,1,1,1,3,2,1,2,3,3,3,3,3,3,3,3,3,3,3,3,3,1,1,3,3,1,3,2,2,3,3
46,46,1,1,2,3,2,1,1,1,2,1,2,3,2,1,3,3,3,3,3,3,3,3,3,3,1,2,1,1,1,3,1,3,2,3,3,3
47,47,3,1,3,3,2,3,1,1,2,1,2,3,2,1,3,3,3,3,1,1,1,1,2,3,1,2,1,1,3,2,3,3,2,2,3,3
48,48,2,1,3,3,2,3,2,1,3,3,3,3,1,1,1,1,2,1,2,2,1,2,1,1,1,3,1,3,1,3,3,3,2,3,1,3
49,49,1,1,2,1,2,3,1,1,2,1,2,1,2,3,3,3,2,3,1,1,1,3,2,2,1,3,1,3,3,3,3,3,2,2,3,3
50,50,1,1,3,3,2,3,1,1,2,1,2,1,2,3,3,3,3,3,1,1,1,3,3,2,1,2,1,1,3,2,3,3,2,2,3,3
51,51,2,3,3,3,3,3,2,3,3,3,3,3,3,3,3,3,2,3,1,2,1,3,3,2,1,3,1,3,3,3,3,3,3,3,3,3
52,52,3,1,3,3,3,3,2,3,3,3,3,3,3,3,3,3,2,3,1,2,3,3,3,2,1,3,1,3,1,3,3,3,3,3,3,3
53,53,3,1,3,3,2,3,2,1,3,3,2,3,2,1,3,3,2,3,1,2,1,3,3,2,1,2,1,1,2,3,3,3,2,2,3,3
54,54,3,3,3,3,3,3,1,1,3,3,2,1,2,3,3,3,3,3,1,2,1,3,3,2,2,2,1,1,3,3,3,3,2,3,3,3
55,55,3,3,3,3,3,3,3,3,3,3,3,3,3,3,3,3,3,3,1,2,1,3,3,2,3,3,3,3,1,3,3,3,3,3,3,3
56,56,2,2,1,3,3,2,2,2,1,3,3,2,2,2,1,3,3,2,1,2,1,3,3,2,2,2,3,2,1,1,3,3,3,3,2,2
57,57,2,3,1,3,3,2,2,2,1,3,3,2,2,2,1,3,3,2,1,2,1,3,3,2,3,2,3,2,1,1,3,3,3,3,3,2
58,58,2,2,1,3,3,2,2,1,1,3,3,1,2,2,1,3,3,1,1,2,1,3,3,2,3,2,3,2,1,1,3,3,3,3,3,2
59,59,2,2,1,3,3,2,2,2,1,3,1,1,2,2,1,3,1,1,1,2,1,3,3,2,3,2,3,2,1,1,3,3,3,3,3,2
60,60,2,1,1,3,3,3,2,3,1,3,3,3,2,2,1,3,1,3,1,1,1,3,3,3,3,3,3,3,1,3,3,3,3,3,3,3
61,61,2,2,1,3,3,2,2,2,1,3,1,1,2,2,1,3,1,1,1,2,1,3,3,2,2,2,3,1,1,1,3,3,1,3,1,2
62,62,2,2,1,3,3,2,2,2,1,3,3,2,2,2,1,3,3,2,1,1,1,3,2,2,2,2,2,2,1,1,3,3,3,3,2,2
63,63,3,2,3,3,3,3,2,1,1,3,3,2,3,3,1,3,3,3,1,2,1,3,2,1,3,2,3,2,1,1,3,3,3,3,3,2
64,64,2,2,1,3,1,3,2,2,1,3,3,2,2,3,1,3,3,3,1,2,1,3,2,2,2,2,2,2,1,1,3,3,1,3,1,2
65,65,2,2,1,3,1,3,2,2,1,3,1,1,2,1,1,3,1,1,1,2,1,3,2,1,2,2,2,1,1,1,3,3,1,3,1,3
66,66,2,3,1,3,1,3,2,2,1,3,1,3,2,3,1,3,2,2,1,2,1,3,3,2,2,3,2,1,1,3,3,3,1,3,1,3
67,67,2,1,1,3,2,3,1,1,1,3,2,3,2,1,1,1,2,1,1,2,1,3,3,2,2,3,3,1,1,1,3,3,2,2,1,1
68,68,1,1,1,1,2,1,2,3,1,3,2,3,2,3,1,3,2,1,1,3,3,3,3,3,3,2,3,3,1,3,3,1,3,2,1,1
69,69,2,3,3,3,3,3,2,3,3,3,3,3,2,3,3,3,3,3,1,2,1,3,3,2,3,3,1,3,1,3,3,3,3,3,1,3
70,70,1,1,3,3,2,3,2,3,3,3,3,3,1,1,3,3,2,3,1,2,1,3,3,2,1,3,1,3,3,3,3,3,3,3,3,3
71,71,1,1,3,3,2,3,2,3,3,3,2,3,1,1,3,1,2,3,1,2,1,3,3,2,1,2,1,3,3,3,3,3,3,2,3,3
72,72,3,1,3,3,2,3,2,1,3,3,3,3,1,1,1,1,2,1,1,2,1,3,3,2,1,3,1,1,1,3,3,3,3,3,3,3
73,73,3,1,3,3,3,3,2,1,3,3,3,3,1,1,3,1,2,1,2,2,1,3,3,2,1,2,1,1,1,2,3,3,3,3,1,3
74,74,1,1,2,1,2,1,2,1,3,3,3,3,1,1,2,1,2,1,2,2,1,3,3,2,1,3,1,1,3,3,3,3,2,3,3,3
75,75,3,1,3,3,2,3,3,1,3,3,3,3,2,3,3,3,3,3,1,2,1,3,3,3,3,3,3,3,3,3,3,3,3,3,3,3
76,76,3,1,3,3,2,3,1,1,3,3,3,3,3,3,3,3,2,3,1,2,1,3,3,2,1,3,1,1,3,3,3,3,3,3,3,3
77,77,2,1,3,3,2,3,2,3,3,3,3,3,2,1,3,3,3,3,1,2,1,3,3,2,1,2,1,1,3,2,3,3,3,3,3,3
78,78,1,1,2,3,2,3,2,1,2,3,3,3,2,1,3,3,3,3,1,2,1,3,3,3,1,2,1,1,3,2,1,3,2,3,3,3
79,79,1,1,1,3,3,2,1,1,2,3,2,3,2,1,1,3,3,3,3,3,3,3,3,3,2,2,1,1,1,2,3,3,3,3,2,3
80,80,1,1,1,3,3,2,1,1,1,3,3,3,2,1,1,3,3,3,2,3,1,3,3,3,1,2,1,1,1,2,3,3,3,3,2,3
81,81,1,1,1,3,3,2,1,2,1,3,3,2,1,1,1,3,3,3,2,2,1,3,3,3,1,2,1,1,1,2,3,3,3,3,2,2
82,82,3,1,3,3,3,3,2,1,3,3,3,3,3,3,3,3,3,3,2,2,1,3,3,1,3,3,1,1,1,3,3,3,3,3,3,3
83,83,1,1,2,3,3,3,1,1,3,3,3,3,2,1,3,3,3,3,2,1,1,3,1,3,1,3,1,1,1,3,3,3,3,3,2,3
84,84,1,1,1,3,3,3,1,2,1,3,3,2,1,1,1,3,3,3,3,3,3,3,3,3,2,2,1,1,1,2,3,3,3,3,2,2
85,85,1,1,2,3,3,3,2,2,1,3,3,3,1,1,3,3,3,3,3,3,3,3,3,3,1,2,3,3,1,2,3,3,3,3,2,3
86,86,1,1,3,3,2,3,1,1,1,3,3,3,3,1,3,3,3,3,3,3,3,3,3,3,3,3,1,3,3,3,3,3,3,3,3,3
87,87,1,1,3,3,3,3,1,1,1,3,3,3,1,1,1,3,3,3,3,3,3,3,3,3,1,1,1,1,3,2,1,2,2,1,3,3
88,88,1,1,1,1,2,3,3,1,3,3,3,3,3,1,3,3,3,3,3,3,3,3,3,3,1,3,1,3,3,3,1,3,2,3,3,3
89,89,1,1,3,3,2,3,1,1,3,3,3,3,2,1,1,3,3,3,3,3,3,3,3,3,1,2,1,1,1,2,1,3,2,3,1,3
90,90,3,1,3,3,3,3,3,3,3,3,3,3,3,3,3,3,3,3,1,2,1,3,3,2,3,3,3,3,3,3,3,3,3,3,3,3
91,91,3,3,3,3,3,3,3,3,1,3,3,3,3,3,1,3,3,3,1,1,3,3,3,2,3,3,3,3,1,3,3,3,3,3,3,3
92,92,3,3,3,3,3,3,3,3,1,3,3,3,3,3,1,3,3,3,1,1,1,3,3,2,3,3,3,3,1,3,3,3,3,3,3,3
93,93,3,3,3,3,3,3,3,3,1,3,3,3,3,3,1,3,3,3,1,1,1,2,2,1,3,3,3,3,1,3,3,3,3,3,3,3
94,94,3,3,3,3,3,3,3,3,1,3,3,3,3,3,1,3,3,3,1,1,1,2,3,2,3,3,3,3,1,3,3,3,3,3,3,3
95,95,3,2,3,3,3,3,3,3,1,3,3,3,3,3,1,3,3,3,1,1,1,3,3,2,3,3,3,3,1,3,3,3,3,3,3,3
96,96,3,3,3,3,3,3,3,3,1,3,3,3,3,3,1,3,3,3,1,2,1,3,3,2,3,3,3,3,1,3,3,3,3,3,3,3
97,97,3,1,3,3,3,3,3,1,3,3,3,3,3,3,3,3,3,3,1,1,3,3,3,2,3,3,3,3,3,3,3,3,3,3,3,3
98,98,2,3,3,3,3,3,3,3,3,3,3,3,2,3,3,3,3,3,1,2,1,2,2,1,3,3,3,3,3,3,3,3,3,3,3,3
99,99,1,2,1,3,3,2,2,1,1,3,3,2,2,2,1,3,3,2,1,2,1,2,2,1,1,2,1,2,1,2,3,3,3,3,2,2
100,100,1,2,1,3,3,2,2,2,1,3,3,2,2,2,1,3,3,2,1,1,1,2,2,1,2,2,1,2,1,2,3,3,3,3,2,2
101,101,2,2,1,2,3,2,1,2,1,3,3,2,1,2,1,3,3,2,1,1,2,1,2,1,2,2,2,2,1,1,3,2,3,3,2,2
102,102,2,2,1,2,3,2,2,2,1,2,3,2,2,2,1,3,3,2,1,1,1,2,2,1,2,2,2,2,1,1,3,2,3,3,2,2
103,103,1,2,1,3,3,2,1,2,1,3,3,2,2,2,1,3,3,2,1,1,2,2,2,1,1,2,2,1,1,1,3,3,3,3,2,2
104,104,1,2,1,3,3,2,1,2,1,3,3,2,1,2,1,3,3,2,2,1,1,2,2,1,1,1,2,2,1,2,3,3,3,2,2,2
105,105,1,2,1,3,3,2,1,2,1,3,3,2,1,2,1,3,3,2,1,1,2,1,2,1,2,1,1,2,1,2,1,2,2,2,1,2
106,106,1,2,1,3,3,3,1,2,1,3,3,2,1,2,1,3,3,2,2,1,2,1,2,1,1,1,1,2,1,2,1,2,2,2,2,1
107,107,1,2,1,3,3,2,1,2,1,3,3,2,1,2,1,3,3,2,1,1,2,1,2,1,1,1,2,2,1,2,3,2,2,2,1,1
108,108,1,2,1,3,3,2,1,2,1,3,3,2,1,2,1,3,3,2,1,1,2,2,2,1,1,1,2,2,1,2,3,2,3,2,2,2
109,109,1,2,1,3,3,2,1,2,1,3,3,2,1,2,1,3,3,2,2,1,1,1,2,3,1,1,2,2,1,1,3,2,3,2,2,2
110,110,1,2,1,3,3,2,1,2,1,3,3,2,1,2,1,3,3,2,1,1,2,2,2,1,1,3,2,3,1,3,3,3,3,3,2,2
111,111,1,2,1,3,3,2,1,2,1,3,3,2,2,2,1,3,3,2,3,3,3,3,3,3,1,2,2,1,1,1,3,3,3,3,2,2
112,112,1,2,1,3,3,2,1,2,1,3,3,2,1,2,1,3,3,2,2,1,1,3,3,2,2,1,2,2,1,1,2,2,3,1,2,2
113,113,1,2,1,3,3,2,1,2,1,3,3,2,1,2,1,3,1,2,3,3,3,3,3,3,2,1,2,2,1,1,2,2,3,1,2,2
114,114,2,2,1,2,3,2,2,2,1,3,3,2,2,2,1,3,3,2,3,3,3,3,3,3,3,1,3,2,1,1,3,2,3,1,2,1
115,115,1,2,1,2,1,2,1,2,1,2,3,2,1,2,1,3,3,2,3,3,3,3,3,3,2,1,2,2,1,1,3,1,3,1,2,1
116,116,1,2,1,3,3,2,1,2,1,2,3,2,2,2,1,3,3,2,3,3,3,3,3,3,1,1,2,2,1,1,3,2,3,1,2,2
117,117,1,2,1,3,3,2,1,2,1,3,3,2,1,2,1,3,3,2,3,3,3,3,3,3,1,1,2,2,1,1,3,2,3,2,2,2
118,118,1,2,1,3,3,2,1,2,1,3,3,2,1,2,1,3,3,2,3,3,3,3,3,3,2,1,2,1,1,1,3,3,3,1,2,2
119,119,1,2,1,3,3,2,1,2,1,3,3,2,1,2,1,3,3,2,3,3,3,3,3,3,2,1,2,3,1,1,3,3,3,3,2,2
120,120,1,2,1,3,3,2,1,2,1,3,3,2,1,2,1,3,3,2,3,3,3,3,3,3,1,1,2,2,1,1,3,2,3,2,2,2
121,121,1,2,1,3,3,2,1,2,1,3,3,2,1,2,1,3,3,3,3,3,3,3,3,3,1,1,2,2,1,1,3,2,3,2,2,2
122,122,1,2,1,3,3,2,1,2,1,3,3,2,1,2,1,3,3,2,1,2,1,3,2,2,1,1,2,2,1,1,3,3,3,2,2,2
123,123,1,2,1,3,3,2,1,2,1,3,3,2,1,2,1,3,3,2,1,1,1,3,3,2,1,1,2,2,1,1,3,3,3,2,2,2
124,124,1,2,1,3,3,1,1,1,1,3,3,2,1,2,1,3,3,2,1,2,1,3,3,2,1,1,2,1,1,1,3,2,3,2,2,1
125,125,1,2,1,3,3,1,1,2,1,3,3,2,1,2,1,3,3,3,1,2,1,3,3,2,1,1,2,2,1,1,3,1,3,2,2,1
126,126,1,2,1,3,3,2,1,2,1,3,3,2,1,2,1,3,3,2,1,2,1,3,3,2,1,1,2,2,1,1,3,3,3,2,2,2
127,127,1,2,1,3,3,3,1,2,1,3,3,2,1,2,1,3,3,2,1,2,1,3,3,2,1,1,2,3,1,3,3,3,3,2,2,3
128,128,1,2,1,3,3,2,1,2,1,3,3,2,1,2,1,3,3,2,1,2,1,3,3,2,1,1,2,2,1,1,3,2,3,2,2,2
129,129,1,2,1,3,3,2,1,2,1,3,3,2,1,2,1,3,3,2,1,2,1,3,3,2,1,1,2,2,1,1,3,2,3,2,2,2
130,130,1,2,1,3,2,2,1,2,1,3,3,2,1,2,1,3,3,2,1,2,1,3,3,2,1,1,2,2,1,1,3,2,3,2,2,1
131,131,1,2,1,3,3,3,1,2,1,3,3,2,1,2,1,3,3,2,1,2,1,3,3,2,1,1,2,2,1,1,3,1,3,2,2,1
132,132,2,1,3,1,2,1,3,3,3,3,2,3,2,1,1,3,2,1,1,2,1,1,2,1,1,2,1,1,1,2,3,2,2,2,3,2
133,133,1,3,1,3,2,3,2,1,3,3,3,3,2,3,1,3,2,1,1,1,2,1,2,1,1,3,1,1,3,2,1,2,2,2,2,2
134,134,1,1,1,1,2,2,2,1,1,3,2,3,2,3,1,3,2,1,1,1,1,1,2,1,1,2,1,1,1,1,1,2,2,2,1,2
135,135,1,1,1,1,2,2,1,1,1,3,2,3,1,1,1,1,2,2,1,1,2,1,2,1,1,2,1,1,1,2,1,1,2,2,1,2
136,136,2,1,3,1,2,3,2,1,2,3,2,3,1,1,2,1,2,1,1,1,1,2,2,1,1,2,1,1,1,2,1,1,2,2,1,2
137,137,1,1,3,1,2,3,1,1,3,3,3,3,1,1,1,1,2,1,1,1,2,1,2,1,2,2,1,1,3,2,3,1,2,2,3,3
138,138,2,1,3,3,2,3,2,1,3,3,3,3,1,1,3,3,2,1,1,1,2,1,2,1,1,3,1,3,1,3,3,3,2,2,1,3
139,139,1,1,1,1,2,3,2,1,3,3,2,3,2,3,3,3,3,1,1,1,2,1,2,1,1,3,1,1,3,2,3,2,2,2,3,3
140,140,1,1,1,1,2,3,1,1,3,3,3,3,1,1,3,1,2,3,1,1,2,1,2,1,1,3,1,3,3,3,1,3,2,2,1,3
141,141,1,1,1,1,2,2,1,1,3,3,3,3,3,1,3,1,2,3,1,1,1,3,2,1,1,3,1,3,1,3,1,3,2,3,1,3
142,142,1,1,1,1,2,2,1,1,3,3,3,3,1,1,1,1,2,2,2,3,3,3,3,3,1,2,1,1,1,2,1,1,2,2,1,2
143,143,2,1,1,1,2,3,1,1,2,3,2,2,2,1,1,3,3,3,2,1,3,3,3,3,1,1,1,1,1,2,1,2,2,2,1,2
144,144,1,1,3,3,3,3,1,1,1,3,3,2,1,1,1,3,3,3,1,1,1,3,3,3,1,1,1,1,3,2,1,2,2,2,3,2
145,145,1,1,2,3,3,3,1,1,1,3,2,2,1,1,1,3,3,2,1,1,1,3,3,2,1,1,1,1,1,2,1,2,2,2,1,2
146,146,1,1,1,3,2,2,1,2,1,3,3,2,1,1,1,3,3,2,3,1,3,3,3,3,1,2,1,1,1,2,1,3,2,2,3,2
147,147,1,1,3,3,2,3,1,1,2,3,3,2,1,1,1,3,3,3,1,1,1,3,3,3,1,1,1,1,3,2,1,2,2,2,3,2
148,148,1,1,3,1,2,3,1,1,2,3,3,3,1,1,1,3,3,3,3,3,3,3,3,3,1,1,1,1,1,2,1,1,2,2,3,2
149,149,1,1,1,1,2,3,1,1,1,3,3,2,1,1,1,1,2,3,3,3,3,3,3,3,1,1,1,1,1,2,1,1,2,2,2,1
150,150,1,1,1,1,2,3,1,1,1,3,2,3,1,1,3,1,2,2,3,3,3,3,2,3,1,2,1,1,1,2,1,1,2,2,2,2
151,151,1,1,1,1,2,1,1,1,1,1,2,1,1,1,1,1,2,1,3,3,3,3,3,3,1,2,1,1,1,1,3,1,2,2,1,2
152,152,1,1,1,1,2,1,1,1,1,3,3,3,1,1,1,1,2,3,1,2,1,3,3,2,1,1,1,1,1,2,1,1,2,2,1,1
153,153,1,1,1,2,2,1,2,1,1,1,2,1,2,1,1,1,2,1,1,2,1,3,3,3,1,1,1,1,1,1,2,1,2,2,2,1
154,154,1,1,1,1,2,1,1,1,1,1,2,2,1,1,1,1,2,1,1,2,1,3,3,2,1,1,1,1,1,1,1,1,2,2,1,1
155,155,1,1,1,1,2,2,1,1,1,1,2,2,1,1,1,1,3,3,2,2,1,3,3,3,1,1,1,1,1,2,1,1,2,2,2,1
156,156,1,1,2,1,2,1,1,1,1,1,2,3,1,1,1,3,3,3,1,2,3,3,3,3,1,1,1,1,1,1,1,1,2,2,2,1
157,157,1,1,2,1,2,2,1,1,1,1,2,3,1,1,3,3,3,3,1,3,3,3,3,3,1,3,1,3,1,2,1,2,2,2,1,3
158,158,1,1,1,1,2,2,1,1,1,1,2,2,1,1,1,3,3,2,1,2,1,3,3,2,2,1,1,1,1,1,1,1,2,2,2,1
159,159,1,1,3,3,2,3,1,1,2,3,3,3,1,1,3,1,2,3,1,2,1,3,3,3,1,1,1,1,1,2,1,1,2,2,3,2
160,160,1,1,3,3,2,3,1,1,3,3,2,2,1,1,3,3,2,3,1,2,1,3,3,3,1,1,1,1,1,2,1,1,2,2,3,2
161,161,1,1,3,3,2,3,1,1,2,3,3,3,1,1,1,3,3,3,1,2,1,3,3,2,1,1,1,1,1,2,1,2,2,2,3,2
162,162,1,1,3,3,2,3,1,1,3,1,2,3,1,1,1,3,3,3,2,3,1,3,2,3,1,1,1,1,1,2,1,1,2,2,3,2
163,163,1,1,2,3,2,2,1,1,2,3,3,3,1,1,1,3,3,2,2,3,1,3,3,3,1,1,1,1,1,2,1,1,2,2,3,1
164,164,1,1,2,3,2,3,1,1,2,1,2,3,1,1,1,3,3,2,1,2,1,2,3,1,1,3,1,3,1,3,1,2,2,2,1,1
165,165,1,1,1,3,2,2,1,1,2,3,2,2,1,1,1,3,3,2,1,2,1,2,2,2,1,1,1,1,1,2,3,1,2,2,2,2
166,166,1,2,1,3,2,2,1,2,1,3,2,2,1,2,1,3,3,2,1,2,1,3,3,2,1,1,2,1,1,2,3,2,2,2,2,2
167,167,1,2,1,3,3,1,1,2,1,3,2,2,1,2,1,3,3,2,1,2,1,3,3,2,1,1,2,2,1,1,3,1,3,2,2,1
168,168,1,1,1,3,2,3,1,1,1,3,2,2,1,1,1,3,2,2,2,2,3,3,2,3,1,1,1,1,1,2,1,1,2,2,2,1
169,169,1,1,1,3,3,3,1,1,1,3,2,2,1,1,1,3,3,2,2,2,1,3,2,2,1,1,1,1,3,2,3,1,2,2,3,2
170,170,1,1,1,3,3,3,1,1,1,3,2,3,1,1,1,3,2,2,3,3,3,3,3,3,1,1,1,1,1,2,1,1,2,2,2,1
171,171,1,1,1,3,2,3,1,1,1,1,2,1,1,2,1,3,3,3,3,3,3,3,3,3,1,1,2,2,1,2,3,1,3,2,3,1
172,172,2,1,1,3,2,3,1,1,1,1,2,3,1,1,1,3,3,2,1,3,3,3,3,3,1,1,1,1,1,1,1,1,2,2,3,1
173,173,1,1,1,1,2,2,1,1,2,1,2,1,1,1,1,3,2,2,1,2,1,3,3,2,2,1,1,1,1,1,1,1,2,2,3,2
174,174,1,1,1,1,2,2,1,1,3,1,2,3,1,1,1,3,3,3,3,3,1,3,2,3,1,1,1,1,1,2,3,1,3,2,3,1
175,175,1,1,1,1,2,2,1,1,1,1,2,2,1,1,1,3,3,2,1,2,1,3,3,3,1,1,1,1,1,2,3,2,3,2,3,2
176,176,1,1,2,1,2,1,1,1,1,1,2,1,1,1,1,1,2,3,1,2,1,3,3,2,1,1,1,1,1,1,1,1,2,2,2,1
177,177,1,1,2,1,2,2,1,1,3,3,2,2,1,1,1,3,2,3,1,2,1,3,3,2,2,1,1,1,3,1,3,1,2,2,3,2
178,178,1,1,1,1,2,2,1,1,3,3,2,3,1,1,3,3,2,3,2,3,1,3,3,3,2,1,1,1,3,2,3,1,2,2,3,2
179,179,1,1,1,1,2,2,1,1,2,1,2,1,1,1,1,3,3,2,3,3,3,3,3,3,2,1,1,1,1,1,1,1,2,2,3,2
180,180,1,1,1,1,2,1,1,1,1,1,2,2,2,1,1,1,2,1,2,3,3,3,3,3,1,1,1,1,1,1,1,1,2,2,1,1
181,181,1,1,1,1,2,2,1,1,1,3,3,3,2,1,1,1,2,3,3,3,3,3,3,3,2,1,1,1,3,1,3,1,2,2,3,1
182,182,1,1,1,3,2,1,1,2,1,3,3,2,1,1,1,1,2,1,2,3,1,3,3,3,1,1,1,1,1,1,3,1,2,2,1,1
183,183,1,1,1,1,2,2,1,1,1,3,3,2,1,1,1,1,2,3,2,3,3,3,3,3,2,1,1,1,3,1,3,1,3,2,3,1
184,184,2,3,3,3,2,3,1,1,1,3,2,3,1,1,2,1,2,2,2,3,3,3,3,3,2,1,1,1,3,2,3,1,2,2,3,2
185,185,1,1,1,1,2,2,1,1,2,3,2,1,1,1,1,1,2,3,2,1,1,3,3,3,1,1,1,1,3,1,3,1,2,2,3,2
186,186,2,1,3,3,2,3,1,1,3,1,2,3,1,1,3,3,2,3,3,3,1,3,3,3,3,1,1,1,3,2,3,1,3,2,3,2
187,187,2,3,1,3,1,3,2,1,1,1,2,1,1,1,1,1,2,1,2,3,1,3,1,3,1,1,2,1,1,1,3,1,2,2,1,1
188,188,1,1,3,3,2,3,1,1,2,1,2,1,1,1,1,1,2,1,1,2,1,2,2,1,1,1,1,1,2,1,1,1,2,2,3,2
189,189,2,1,3,3,2,3,1,1,2,1,2,1,1,1,2,1,2,1,1,2,1,2,2,1,1,1,1,1,3,2,3,1,2,2,1,1
190,190,1,1,1,1,2,3,1,1,2,1,2,1,1,1,3,1,2,3,1,1,1,2,2,1,1,1,1,1,2,2,1,1,2,2,3,1
191,191,1,1,1,1,2,3,1,1,1,1,2,3,1,1,1,1,2,3,1,2,1,2,2,1,1,1,1,1,2,2,1,1,2,2,1,2
192,192,3,1,3,3,2,3,1,1,3,3,2,3,1,1,3,3,2,3,1,2,1,2,2,1,1,1,1,1,3,2,3,1,2,2,3,1
193,193,1,1,3,3,2,3,1,1,2,1,2,3,1,1,1,1,2,3,1,2,1,2,2,1,1,1,1,1,2,2,1,1,2,2,3,1
194,194,1,1,1,1,2,1,1,1,3,1,2,2,1,1,1,1,2,2,1,2,1,3,2,1,1,1,1,1,1,2,1,1,2,2,3,2
195,195,1,1,1,1,2,3,1,1,2,1,2,3,1,1,1,1,2,1,1,2,1,2,2,1,1,1,1,1,2,2,1,1,2,2,3,2
196,196,1,1,1,1,2,1,1,1,1,1,2,2,1,1,1,1,2,1,2,3,3,3,3,3,1,1,1,1,1,2,1,1,2,2,1,2
197,197,3,1,3,1,2,3,1,1,3,3,2,3,3,1,3,3,2,3,1,2,1,3,2,1,1,1,1,3,3,2,3,1,2,2,3,2
198,198,3,1,3,3,3,3,3,1,3,3,2,3,3,1,3,3,3,3,1,2,1,2,2,1,3,1,1,1,3,2,3,1,3,2,3,3
199,199,1,1,1,1,2,1,1,2,1,1,2,1,1,2,1,3,3,1,1,2,1,3,2,1,1,1,2,1,1,2,3,1,3,2,3,2
200,200,1,2,1,3,2,1,1,2,1,3,2,1,1,2,1,2,2,2,1,1,2,2,2,1,1,1,2,1,1,1,3,1,3,2,2,1
201,201,1,1,3,3,2,3,1,1,1,3,3,2,1,1,1,3,3,3,1,1,2,2,2,1,1,1,1,1,1,2,1,1,2,2,3,2
202,202,1,1,3,3,2,3,1,1,2,3,3,3,1,1,1,3,3,3,2,3,1,1,2,1,1,1,1,1,3,2,1,1,2,2,3,2
203,203,2,1,1,3,2,2,1,1,1,1,2,1,1,1,1,1,2,1,1,2,1,2,2,1,1,1,1,1,1,2,2,1,2,2,1,1
204,204,2,3,3,3,3,3,2,3,3,3,2,1,1,1,1,1,2,1,1,2,1,1,2,1,1,1,1,1,3,2,1,1,2,2,2,1
205,205,3,3,3,3,3,3,2,3,3,3,3,3,3,3,3,3,3,3,1,2,1,2,2,1,3,1,3,1,1,2,3,1,3,2,3,3
206,206,1,1,3,1,2,1,1,1,3,3,2,1,1,1,1,1,2,1,1,2,1,2,2,1,1,1,1,1,3,2,3,1,2,2,1,1
207,207,1,1,2,1,2,1,1,1,2,1,2,1,1,1,2,1,2,1,1,1,1,2,2,1,1,1,1,1,1,2,1,1,2,2,1,1
208,208,2,1,1,1,2,1,1,1,2,1,2,1,1,1,1,1,2,1,1,1,1,1,2,1,2,1,1,1,2,2,1,1,2,2,1,1
209,209,1,1,1,1,2,1,1,1,1,1,2,1,1,1,2,1,2,1,1,2,1,2,2,1,1,1,1,1,2,2,1,1,2,2,1,1
210,210,1,2,1,3,2,1,1,1,2,1,2,1,1,1,2,1,2,1,1,1,1,3,3,3,1,1,1,1,1,2,3,1,2,2,1,1
211,211,2,1,3,1,2,1,1,1,2,1,2,1,1,1,1,1,2,1,1,2,1,2,2,1,1,1,1,1,1,2,1,1,2,2,1,1
212,212,2,1,1,1,2,3,2,1,3,3,2,1,1,1,2,1,2,1,1,1,2,1,2,1,1,1,1,1,2,2,1,1,2,2,1,1
213,213,1,1,2,1,2,1,1,1,1,1,2,1,1,1,1,1,2,1,3,3,3,3,3,3,1,1,1,1,3,2,1,1,2,2,1,1
214,214,1,1,1,1,2,1,1,1,1,3,3,1,1,1,1,1,2,1,3,3,3,3,3,3,1,1,1,1,3,2,1,1,2,2,1,1
215,215,1,1,2,1,2,1,1,1,2,1,2,1,1,1,2,1,2,1,1,2,1,3,2,1,2,1,1,1,3,2,3,1,2,2,3,1
216,216,1,1,3,3,2,3,1,1,3,3,2,1,1,1,1,1,2,2,1,2,1,3,2,1,2,1,1,1,3,2,3,1,2,2,3,1
217,217,2,3,3,3,2,3,1,1,2,1,2,1,1,1,3,1,2,1,1,2,1,2,2,1,1,1,1,1,2,2,3,1,2,2,3,1
218,218,2,3,3,3,3,3,1,1,3,1,2,3,1,1,1,1,2,3,1,2,1,3,2,1,2,1,1,1,2,2,3,1,2,2,3,1
219,219,2,3,1,3,3,3,2,1,3,3,2,3,1,1,1,1,2,3,3,3,3,3,3,3,2,1,1,1,3,2,3,1,2,2,3,1
220,220,1,1,3,1,2,3,3,1,3,3,2,3,1,1,3,1,2,3,3,3,3,3,3,3,3,1,1,1,3,2,3,1,2,2,3,1
221,221,1,1,2,1,2,1,1,1,2,1,2,1,1,1,1,1,2,2,2,1,1,3,3,3,2,1,1,1,3,2,3,1,2,2,3,1
222,222,1,1,2,1,2,1,1,1,2,1,2,1,1,1,1,1,2,3,1,2,1,3,2,1,2,1,1,1,1,2,3,1,2,2,3,1
223,223,1,1,1,1,2,1,1,1,1,3,2,1,1,1,1,1,2,1,3,3,3,3,3,3,3,1,1,1,3,2,3,1,2,2,3,1
224,224,1,1,2,1,2,1,1,1,3,1,2,1,1,1,1,1,2,1,3,3,3,3,3,3,1,1,1,1,2,2,1,1,2,2,1,1
225,225,1,1,1,2,2,1,1,1,1,1,2,1,1,1,1,1,2,1,2,3,3,3,3,3,1,1,1,1,1,2,1,1,2,2,1,1
226,226,1,1,1,1,2,3,1,1,1,1,2,1,1,1,1,3,2,3,3,3,3,3,3,3,3,1,3,1,1,2,3,1,3,2,3,1
227,227,1,1,2,1,2,3,1,1,1,1,2,1,1,1,1,1,2,1,2,3,1,3,3,3,3,1,3,1,3,2,3,1,3,2,3,1
228,228,3,1,3,3,3,3,1,1,1,3,2,1,3,1,1,3,3,3,1,1,1,1,2,2,3,1,3,1,3,2,3,1,3,2,3,3
229,229,1,1,2,1,2,1,1,1,3,3,2,1,1,1,1,3,2,1,2,3,1,3,1,3,2,1,1,1,3,2,3,1,2,2,3,1
230,230,2,1,3,1,2,3,2,1,1,3,2,3,1,1,1,2,2,1,3,3,3,3,3,3,2,2,1,1,1,2,3,2,2,2,2,2
231,231,1,1,3,3,2,3,2,3,3,3,3,3,1,1,1,1,2,3,1,2,1,3,3,1,1,1,1,1,1,2,1,1,2,2,3,1
232,232,1,1,3,1,2,3,2,1,3,3,2,3,1,1,3,3,2,3,2,3,1,3,3,3,1,1,1,1,3,2,1,1,2,2,3,1
233,233,1,1,1,1,2,1,1,1,1,1,2,1,1,1,1,1,2,1,1,1,1,3,3,2,1,1,1,1,1,2,1,1,2,2,1,1
234,234,1,1,1,1,2,2,1,1,1,2,2,2,1,1,1,3,3,2,1,2,1,3,3,2,1,1,1,1,1,2,1,1,2,2,2,2
235,235,1,1,2,1,2,1,1,1,1,1,2,1,1,1,1,3,2,1,1,2,1,2,3,2,1,1,1,1,1,2,1,1,2,2,1,1
236,236,1,2,1,1,2,1,1,1,1,1,2,1,1,2,1,1,2,1,1,2,1,3,3,2,1,1,2,1,1,2,3,1,3,2,2,1
237,237,1,1,2,1,2,1,1,1,1,3,2,3,1,1,1,2,2,1,2,3,1,3,1,3,1,1,2,1,1,2,3,1,3,2,3,1
238,238,1,1,1,1,2,1,1,1,1,1,2,1,1,1,1,1,2,1,2,2,1,3,1,3,1,1,2,2,1,2,3,1,3,2,3,1
239,239,1,1,2,3,2,3,1,1,2,3,2,1,3,1,3,3,3,3,3,3,3,3,3,3,1,1,1,1,3,2,3,1,3,2,3,3
240,240,3,1,3,3,2,3,1,1,3,3,2,1,3,3,3,3,3,3,3,3,3,3,3,3,3,1,3,1,3,2,3,1,3,2,3,3
241,241,2,2,1,3,3,2,3,3,1,3,3,3,2,2,1,3,3,2,3,3,3,3,3,3,3,3,3,3,1,1,3,3,3,3,3,2
242,242,2,2,1,3,3,2,3,3,1,3,3,3,2,2,1,3,3,1,3,3,3,3,3,3,3,3,3,2,1,1,3,3,3,3,3,2
243,243,2,2,1,3,3,3,3,3,1,3,3,3,2,2,1,3,3,3,3,3,3,3,3,3,3,3,3,2,1,1,3,3,3,3,3,3
244,244,2,2,1,3,3,3,3,3,1,3,3,3,2,2,1,3,3,1,3,3,3,3,3,3,3,3,3,3,1,3,3,3,3,3,3,3
245,245,2,1,1,3,3,2,2,1,1,3,3,2,2,3,1,3,3,2,3,3,3,3,3,3,3,2,3,3,1,1,3,3,3,3,3,3
246,246,2,2,1,3,3,2,2,2,1,3,1,1,2,2,1,3,3,1,3,3,3,3,3,3,3,2,3,3,1,1,3,3,3,3,3,2
247,247,3,2,1,3,3,3,2,2,1,3,1,1,3,2,1,3,3,3,1,1,1,3,2,2,3,3,3,2,1,1,3,2,3,3,3,3
248,248,2,2,1,3,1,1,2,2,1,3,1,1,2,2,1,3,1,1,3,2,1,3,3,3,3,3,3,3,1,3,3,3,3,3,3,3
249,249,2,2,1,3,3,1,2,2,1,3,3,1,2,2,1,3,1,1,3,2,1,3,1,3,2,1,2,2,1,1,3,2,3,3,1,1
250,250,2,2,1,3,3,2,2,2,1,3,3,2,2,2,1,3,1,1,3,3,3,3,3,3,2,3,2,2,1,1,3,3,3,3,1,2
251,251,2,2,1,3,1,3,2,3,1,3,3,1,2,2,1,3,1,1,3,3,3,3,3,3,2,2,2,1,1,1,3,3,1,1,1,2
252,252,2,2,1,3,3,3,2,2,1,3,3,1,2,2,1,3,1,1,1,1,1,3,3,2,2,2,2,2,1,1,3,3,3,3,1,1
253,253,2,2,1,3,1,1,2,2,1,3,3,1,2,2,1,2,1,1,1,2,1,3,3,2,2,2,2,2,1,1,3,2,1,1,1,2
254,254,2,2,1,3,1,1,2,1,1,3,3,1,2,2,1,3,3,1,1,1,1,3,2,2,2,2,2,2,1,1,3,3,1,3,1,3
255,255,2,2,1,3,3,1,2,2,1,3,1,1,2,2,1,3,3,1,1,1,1,3,2,2,3,3,3,1,1,1,3,3,3,3,3,3
256,256,2,2,1,3,3,3,2,2,1,3,1,1,2,2,1,3,1,1,1,2,1,3,3,2,2,1,3,2,1,1,3,2,3,1,1,3
257,257,2,2,1,3,3,3,2,2,1,3,3,1,2,2,1,3,3,2,1,1,1,3,3,2,2,2,2,3,1,1,3,3,3,3,1,2
258,258,2,2,1,3,1,3,2,2,1,3,3,1,2,2,1,3,1,1,1,2,1,3,3,2,2,2,2,2,1,1,3,2,1,3,1,2
259,259,2,3,1,3,1,2,3,3,1,3,3,3,2,2,1,3,1,1,1,2,1,3,3,2,2,2,2,2,1,1,3,2,1,1,1,2
260,260,2,2,1,3,3,2,2,3,1,3,3,2,2,2,1,3,3,2,1,2,1,3,3,2,2,2,2,2,1,1,3,3,1,3,1,3
261,261,2,2,1,3,1,3,2,1,1,3,1,1,2,2,1,3,1,1,1,2,1,3,3,2,2,2,2,2,1,1,3,3,1,1,1,3
262,262,2,2,1,3,1,1,2,2,1,3,1,1,2,2,1,3,1,1,1,2,1,3,3,2,2,3,3,2,1,1,3,3,1,1,1,3
263,263,2,2,1,3,3,3,2,2,1,3,3,1,2,2,1,3,1,1,1,2,1,3,3,3,2,2,2,2,1,1,3,3,3,3,1,3
264,264,2,2,1,3,1,3,2,2,1,3,1,1,2,2,1,3,1,1,1,2,1,3,3,2,2,2,2,2,1,1,3,3,1,1,1,3
265,265,2,1,1,3,3,3,2,1,1,3,3,1,2,3,1,3,1,1,1,2,1,3,3,2,3,3,3,3,1,3,3,3,1,1,1,3
266,266,2,2,1,3,1,1,2,2,1,3,3,1,2,2,1,3,1,1,1,2,1,3,3,2,2,2,2,2,1,1,3,3,1,3,1,3
267,267,2,2,1,3,1,1,2,2,1,3,3,1,2,2,1,3,1,1,1,2,3,3,3,3,2,2,2,2,1,1,3,2,1,3,1,3
268,268,2,2,1,3,3,3,2,2,1,3,3,3,2,2,1,3,3,3,1,2,1,2,2,1,3,2,3,2,1,1,3,2,3,1,3,3
269,269,2,2,1,3,3,3,2,2,1,3,3,1,2,2,1,3,1,1,1,2,1,3,3,2,2,2,2,2,1,1,3,3,3,3,1,3
270,270,2,2,1,3,1,3,2,2,1,3,3,1,2,2,1,3,1,1,1,2,1,3,2,2,2,3,2,3,1,1,3,3,1,1,1,3
271,271,2,2,1,3,1,3,2,2,1,3,1,1,2,2,1,3,1,1,1,2,1,3,3,2,2,2,2,2,1,1,3,3,1,1,1,3
272,272,2,2,1,3,1,1,2,2,1,3,1,1,2,2,1,3,1,1,1,2,1,3,2,1,2,2,2,2,1,1,3,3,1,1,1,1
273,273,2,2,1,2,1,1,2,2,1,2,1,1,2,2,1,3,1,1,1,2,1,3,3,2,2,2,2,2,1,1,2,2,1,1,1,1
274,274,2,2,1,3,1,1,2,2,1,3,1,1,2,2,1,3,1,1,1,2,1,3,2,1,2,2,2,2,1,1,2,2,1,1,1,1
275,275,2,2,1,3,3,3,3,3,1,3,3,3,3,3,1,3,3,3,1,2,1,2,2,1,3,2,3,3,1,1,3,3,3,1,3,3
276,276,2,1,1,3,3,3,2,1,1,3,3,2,2,3,1,3,1,2,1,1,2,1,2,2,2,2,3,3,1,1,3,2,1,1,3,3
277,277,3,2,1,3,3,3,3,3,1,3,3,3,3,3,1,3,3,3,1,1,2,1,2,3,3,3,3,3,1,3,3,3,3,3,3,3
278,278,2,1,1,3,1,2,2,1,1,3,1,1,2,3,1,3,1,1,1,1,2,1,2,1,3,3,3,3,1,3,3,3,1,1,1,3
279,279,2,2,1,3,1,1,2,2,1,2,1,1,2,2,1,2,1,1,1,1,2,1,2,2,2,2,2,2,1,1,2,2,1,1,1,1
280,280,2,2,1,2,1,3,2,2,1,3,1,1,2,2,1,2,1,1,1,1,1,3,2,2,2,2,2,2,1,1,2,2,1,1,1,3
281,281,2,2,1,3,1,3,2,2,1,3,1,1,2,2,1,3,1,1,1,1,2,1,2,3,2,2,2,2,1,1,2,2,1,1,1,3
282,282,2,2,1,3,1,3,2,2,1,3,1,1,2,2,1,3,1,1,1,1,2,1,2,3,3,3,2,2,1,3,3,3,1,1,1,3
283,283,2,2,1,3,1,3,2,2,1,3,1,1,2,2,1,3,1,1,2,1,3,3,3,3,2,3,2,2,1,1,2,3,1,1,1,3
284,284,2,2,1,2,1,1,2,2,1,3,1,1,2,2,1,2,1,1,1,1,1,1,2,1,2,3,2,2,1,1,2,3,1,3,1,3
285,285,2,2,1,3,3,3,2,2,1,3,3,1,2,2,1,3,1,1,2,2,1,3,1,3,2,3,2,2,1,1,3,3,1,3,1,3
286,286,2,2,1,3,1,3,2,2,1,2,1,1,2,2,1,3,1,1,1,1,2,1,2,1,2,2,2,2,1,1,2,3,1,1,1,3
287,287,2,2,1,3,1,3,2,2,1,3,1,1,2,2,1,3,1,1,1,1,1,1,2,1,2,2,2,2,1,1,2,2,1,1,1,3
288,288,2,2,1,3,1,3,2,2,1,3,1,1,2,2,1,3,1,1,3,3,3,3,1,3,2,2,2,2,1,3,3,2,1,3,1,3
289,289,2,3,1,3,1,3,2,1,1,3,2,1,2,3,1,2,1,1,1,1,2,1,2,3,2,2,1,3,1,1,3,3,2,2,1,2
290,290,2,2,1,3,1,3,2,1,1,2,2,1,2,1,1,2,1,1,1,1,2,1,2,1,2,2,1,1,1,1,3,2,2,1,1,3
291,291,2,2,1,3,1,3,2,1,1,3,1,1,2,3,1,2,1,1,3,3,3,3,3,3,2,2,3,1,1,1,3,2,1,1,1,1
292,292,2,2,1,2,1,3,2,2,1,3,1,1,2,2,1,3,1,1,2,3,3,3,3,3,2,2,1,1,1,1,3,2,1,1,1,1
293,293,2,1,1,2,1,3,2,1,1,3,1,1,2,1,1,2,1,1,2,1,3,3,2,3,2,2,1,1,1,1,2,2,2,1,1,1
294,294,2,1,1,3,1,3,2,3,1,3,1,1,2,2,1,2,1,1,1,1,1,1,2,3,2,2,1,2,1,1,3,2,2,1,1,1
295,295,2,1,1,3,1,3,2,3,1,3,1,1,2,2,1,2,1,1,2,3,3,3,3,3,2,2,1,1,1,1,3,2,1,1,1,3
296,296,2,2,1,3,1,1,2,2,1,2,1,1,2,2,1,2,1,1,2,1,3,3,2,1,2,2,2,2,1,1,3,2,1,1,1,1
297,297,2,2,1,2,1,1,2,2,1,3,1,1,2,2,1,2,1,1,3,3,3,3,3,3,2,2,1,2,1,1,3,2,1,1,1,1
298,298,2,2,1,3,1,1,2,2,1,3,1,1,2,2,1,3,1,1,3,3,3,3,3,3,2,3,2,3,1,1,3,3,1,3,1,2
299,299,2,2,1,2,1,1,2,2,1,2,1,1,2,2,1,3,1,1,3,3,3,3,3,3,2,2,2,2,1,1,3,2,1,1,1,1
300,300,2,1,1,1,2,1,2,1,1,2,2,1,2,1,1,2,2,1,3,3,3,3,3,3,2,1,1,1,1,1,1,1,2,2,1,1
301,301,2,1,1,1,2,1,2,1,1,1,2,1,2,1,1,1,2,1,3,3,3,3,3,3,2,2,1,1,1,1,1,1,2,2,1,1
302,302,2,1,1,1,2,1,2,1,1,3,2,1,2,1,1,3,2,1,3,1,1,3,3,3,1,2,1,1,2,1,1,1,2,2,1,1
303,303,2,1,1,1,2,1,2,1,1,1,2,1,2,1,1,1,2,1,2,3,3,3,3,3,1,2,1,1,1,2,1,1,2,2,1,1
304,304,2,1,1,3,2,3,2,1,1,3,3,1,2,1,1,3,2,1,2,3,1,3,3,3,1,2,1,1,1,1,3,1,3,2,1,1
305,305,2,2,1,3,2,2,2,1,1,3,2,1,2,1,1,1,2,1,2,3,1,3,3,3,1,2,1,1,1,1,1,1,2,2,1,1
306,306,2,1,1,1,2,1,2,1,1,3,3,1,2,1,1,1,2,1,2,3,1,3,3,3,2,2,1,1,1,1,1,1,2,1,1,1
307,307,2,1,1,3,2,3,1,1,1,1,2,1,2,3,1,3,1,3,2,3,1,3,3,3,3,2,3,1,1,1,3,1,3,2,3,1
308,308,2,2,1,3,3,2,1,1,1,1,2,1,2,3,1,3,1,3,3,3,1,3,3,3,3,2,3,2,1,1,3,1,1,2,3,1
309,309,2,3,1,3,2,2,2,1,1,1,2,1,2,2,1,3,1,3,2,1,3,1,2,3,2,2,3,3,1,1,3,2,1,2,1,2
310,310,2,3,1,3,2,2,1,1,1,1,2,1,2,3,1,3,1,3,3,1,3,3,2,3,3,2,3,3,1,1,3,2,1,2,1,2
311,311,2,3,1,3,1,1,1,1,1,1,2,1,2,2,1,3,1,3,2,1,1,3,2,3,3,2,2,3,1,1,3,2,1,2,1,2
312,312,2,3,1,3,2,2,2,1,1,1,2,1,2,3,1,3,3,2,1,1,3,1,2,1,2,2,1,3,1,1,1,2,2,2,1,2
313,313,2,1,1,1,2,1,1,1,1,1,2,1,1,1,1,1,2,1,1,1,1,1,2,1,1,2,1,1,1,1,1,1,2,2,1,1
314,314,2,2,1,3,1,1,2,2,1,3,1,1,2,1,1,3,1,1,2,1,3,3,2,3,2,2,1,1,1,1,3,1,1,1,2,2
315,315,2,2,1,3,1,3,2,2,1,3,1,1,2,2,1,2,1,1,1,1,2,1,2,3,2,2,3,1,1,1,3,2,1,1,1,1
316,316,2,3,1,3,1,1,2,3,1,3,1,1,2,3,1,3,1,1,1,1,2,1,2,1,2,2,1,3,1,1,3,1,2,1,1,1
317,317,2,1,1,3,1,1,2,3,1,3,1,1,2,1,1,3,1,1,2,1,1,3,2,2,2,2,1,1,1,1,3,1,2,1,1,1
318,318,2,1,1,3,1,3,2,2,1,3,1,1,2,3,1,3,1,1,2,1,1,3,2,1,2,2,1,1,1,1,3,1,1,1,1,1
319,319,2,1,1,1,2,3,2,1,1,3,1,1,2,1,1,3,1,1,1,1,3,3,3,3,2,2,1,1,1,1,1,1,2,2,1,1
320,320,2,1,1,1,2,1,2,1,1,3,1,1,2,1,1,3,1,1,1,2,1,2,2,1,2,2,1,1,1,1,1,1,2,1,1,1
321,321,2,1,1,1,2,1,2,3,1,3,2,1,2,3,1,3,2,1,1,1,1,1,2,1,2,2,1,1,1,1,1,1,2,2,1,1
322,322,2,1,1,3,3,3,2,1,1,3,1,1,2,1,1,3,3,3,1,1,1,3,3,3,2,3,1,3,1,3,3,3,3,1,1,1
323,323,1,1,1,1,2,3,2,1,1,3,3,1,2,1,1,3,2,1,3,3,3,3,3,3,1,2,1,1,1,1,1,2,2,2,1,1
324,324,2,1,1,1,2,1,2,1,1,3,2,1,2,1,1,3,2,1,1,1,2,1,2,1,1,1,1,1,2,1,1,1,2,2,1,1
325,325,2,1,1,1,2,1,2,1,1,3,2,1,2,1,1,1,2,1,1,1,2,1,2,1,1,2,1,1,1,2,1,1,2,2,1,1
326,326,2,3,1,3,2,1,2,3,1,3,1,1,1,1,1,1,2,1,1,1,2,1,2,3,1,2,1,1,2,1,1,1,2,2,1,1
327,327,2,3,1,3,1,3,2,1,1,3,2,3,2,3,1,3,1,1,2,1,2,1,2,3,1,2,1,3,1,1,3,3,3,1,1,2
328,328,2,1,1,2,2,2,2,1,1,2,2,1,2,1,1,2,2,1,1,1,2,1,2,3,2,2,1,3,1,1,1,2,2,1,1,1
329,329,2,1,1,1,2,1,2,1,1,1,2,1,2,1,1,1,2,1,3,3,3,3,3,3,1,2,1,1,2,1,1,1,2,2,1,1
330,330,2,1,1,3,2,1,2,1,1,1,2,1,1,1,2,1,2,1,3,3,3,3,3,3,1,1,1,1,2,2,1,1,2,2,1,1
331,331,1,1,2,1,2,1,2,1,1,1,2,1,1,1,2,1,2,1,3,3,3,3,3,3,1,1,1,1,1,2,1,1,2,2,1,1
332,332,1,1,1,1,2,1,2,1,1,3,2,1,1,1,2,1,2,1,3,3,3,3,3,3,1,1,1,1,2,2,1,1,2,2,1,1
333,333,1,1,1,2,2,1,1,1,1,2,2,1,1,1,2,1,2,1,3,3,3,3,3,3,1,1,1,1,2,2,1,1,2,2,1,1
334,334,1,1,1,2,2,1,1,1,1,2,2,1,1,1,1,2,2,1,3,3,3,3,3,3,1,1,1,1,2,2,2,2,2,2,1,1
335,335,1,1,1,2,2,1,1,1,1,2,2,1,1,1,1,2,2,1,3,3,3,3,3,3,1,2,1,1,1,2,2,2,2,2,1,2
336,336,1,1,2,1,2,1,2,1,2,1,2,1,1,1,1,1,2,1,3,3,3,3,3,3,1,2,1,1,2,2,1,2,2,2,1,1
337,337,2,1,1,2,2,1,2,1,1,2,2,1,2,1,1,2,2,1,2,3,3,3,3,3,1,2,1,3,1,3,2,2,2,2,1,2
338,338,1,1,2,1,2,1,1,1,2,1,2,1,1,1,1,1,2,1,3,3,3,3,3,3,1,2,1,3,2,2,1,3,2,2,1,2
339,339,1,1,1,2,2,1,1,1,1,2,2,1,1,1,1,2,2,1,3,3,3,3,3,3,1,1,1,1,1,2,3,2,3,2,2,1
340,340,1,1,1,2,2,1,1,2,1,1,2,1,1,1,1,1,2,1,1,2,1,3,3,2,1,1,2,1,1,1,1,1,2,2,1,1
341,341,2,1,1,1,2,1,2,1,1,1,2,1,2,1,1,3,2,1,1,2,1,3,3,2,2,2,1,3,1,2,1,3,2,2,1,2
342,342,3,3,3,3,3,3,3,3,3,3,3,3,3,3,1,3,3,3,1,2,1,3,3,2,3,3,3,3,1,3,3,3,3,3,3,3
343,343,1,1,2,2,2,1,1,1,1,1,2,1,2,1,1,2,2,1,1,2,1,3,3,2,2,2,1,1,1,2,1,2,2,2,1,1
344,344,1,1,1,2,2,1,2,1,1,2,2,1,1,1,1,2,2,2,2,3,1,3,3,2,1,2,2,1,1,2,3,2,3,2,1,1
345,345,2,1,1,1,2,1,2,1,2,1,2,1,2,1,1,1,2,1,1,2,1,3,3,2,2,2,1,1,2,2,1,2,2,2,1,1
346,346,1,2,1,1,2,1,1,2,1,1,2,1,1,2,1,2,2,1,1,2,1,3,2,1,1,1,2,1,1,1,3,1,3,2,2,1
347,347,1,2,1,2,2,1,1,2,1,2,1,1,1,2,1,3,2,1,2,3,1,3,3,2,1,1,2,1,1,1,3,1,3,1,2,1
348,348,1,1,1,1,2,1,1,1,1,3,2,1,1,2,1,3,1,1,3,3,3,3,3,3,1,1,2,1,1,2,3,2,3,1,2,1
349,349,1,1,1,2,2,1,1,1,1,2,2,1,1,1,1,1,1,1,1,2,1,3,3,2,1,1,2,1,1,2,3,1,3,1,2,1
350,350,1,1,1,2,3,2,1,1,1,1,2,1,1,1,1,1,3,1,1,2,1,3,3,2,1,1,2,1,1,2,3,2,3,2,3,1
351,351,1,2,1,3,2,1,1,1,1,1,2,1,1,1,2,1,2,1,1,2,1,3,3,2,1,1,1,1,1,2,1,1,2,2,1,1
352,352,2,1,1,3,2,3,2,1,1,1,2,1,1,1,1,1,2,1,1,2,1,3,3,2,1,1,1,1,1,2,1,1,2,2,1,1
353,353,1,1,3,3,3,3,1,1,1,1,2,1,1,1,1,1,2,1,1,2,1,3,3,2,1,1,1,2,1,2,3,1,2,2,1,1
354,354,1,1,1,2,2,1,1,1,1,1,2,1,1,1,1,3,2,1,1,2,1,1,1,2,1,1,1,3,1,2,3,1,3,1,1,1
355,355,1,1,1,1,2,1,1,1,1,1,2,1,1,1,1,2,2,1,1,2,1,2,3,1,1,1,2,3,1,2,2,2,3,1,1,1
356,356,1,1,1,3,3,3,1,3,1,3,3,3,3,3,1,3,3,3,1,2,1,3,3,2,2,1,3,2,1,1,3,1,3,1,3,1
357,357,1,1,1,2,2,1,1,1,1,2,2,1,1,2,1,2,2,1,1,2,1,3,3,2,1,1,2,3,1,3,1,1,2,2,1,1
358,358,1,2,1,1,2,1,1,2,1,1,2,1,1,2,1,1,2,1,1,2,1,3,3,2,1,1,2,1,1,1,3,1,3,2,2,1
359,359,1,2,1,1,2,1,1,2,1,2,2,1,1,2,1,3,2,1,1,2,1,3,3,2,1,1,2,1,1,1,3,1,3,2,2,1
360,360,1,1,1,1,2,1,1,2,1,2,1,1,1,2,1,1,1,1,1,2,1,3,3,2,1,1,2,1,1,2,3,2,3,1,2,1
361,361,1,1,1,1,2,1,2,3,3,3,2,3,2,3,1,3,3,3,2,3,3,3,3,3,2,1,3,1,1,2,3,3,1,1,3,1
362,362,1,2,1,3,2,1,1,2,1,2,2,1,1,2,1,2,2,1,3,3,3,3,3,3,1,1,1,2,1,1,1,1,2,2,1,1
363,363,1,1,1,3,2,1,1,1,1,1,2,1,1,1,1,3,3,1,1,2,1,3,2,1,1,1,3,1,1,2,3,1,3,2,3,1
364,364,1,1,1,1,2,1,1,2,1,1,2,1,1,2,1,1,2,1,1,2,1,1,2,1,1,1,2,1,1,1,3,2,1,1,2,1
365,365,1,2,1,1,1,1,1,2,1,3,2,2,1,2,1,1,1,1,1,2,1,3,2,1,1,1,2,2,1,1,3,1,1,1,1,1
366,366,1,2,1,1,1,1,1,2,1,3,2,2,1,2,1,1,1,1,1,2,1,3,2,1,1,1,2,2,1,1,3,1,3,1,2,1
367,367,1,2,1,1,2,1,1,2,1,3,2,1,1,2,1,1,1,1,1,2,1,3,2,1,1,1,2,2,1,1,3,1,2,1,1,1
368,368,1,2,1,2,2,1,1,2,1,3,2,1,1,1,1,2,2,1,1,2,1,2,2,1,1,1,2,2,1,1,2,2,2,2,1,1
369,369,1,1,1,1,2,1,1,1,1,3,2,1,1,1,1,1,2,1,2,2,1,1,2,1,1,1,2,1,1,1,2,2,1,2,1,1
370,370,1,2,1,2,2,1,1,2,1,3,3,1,1,2,1,2,2,1,1,2,1,2,2,1,1,1,2,2,1,1,3,2,2,2,1,1
371,371,2,3,1,3,2,2,1,3,1,3,3,2,1,3,1,3,2,1,2,3,1,3,2,3,1,1,3,3,1,1,3,2,1,2,1,1
372,372,1,2,1,2,2,1,1,2,1,3,2,1,1,2,1,2,2,1,1,2,1,3,3,1,1,1,2,2,1,1,3,2,2,2,1,1
373,373,2,2,1,3,2,1,1,2,1,1,2,1,1,2,1,1,2,1,1,2,1,3,3,2,1,1,2,2,1,1,3,1,2,2,1,1
374,374,1,2,1,2,2,1,1,2,1,3,3,1,1,2,1,2,2,1,1,1,1,3,3,3,1,1,2,1,1,1,3,2,2,2,1,1
375,375,1,2,1,2,2,1,1,2,1,2,2,1,1,2,1,2,2,1,3,1,3,1,2,3,1,1,2,1,1,1,3,1,2,2,1,1
376,376,1,2,1,2,2,1,1,2,1,2,2,1,1,2,1,2,2,1,2,3,3,3,3,3,1,1,2,2,1,1,3,1,2,2,1,1
377,377,1,1,1,2,2,1,1,1,1,2,2,1,1,1,1,1,2,1,2,1,1,3,2,1,1,1,1,1,1,2,1,2,2,2,1,1
378,378,1,1,1,1,2,1,1,1,2,2,2,1,1,1,1,1,2,1,2,1,1,1,2,1,1,1,1,1,2,2,2,2,2,2,1,1
379,379,1,1,1,1,2,1,1,1,1,1,2,1,2,1,1,1,2,1,2,2,1,3,2,3,1,1,1,1,1,2,1,2,2,2,1,1
380,380,1,1,1,3,2,1,1,1,1,1,2,1,2,1,1,3,2,1,2,2,1,1,2,1,1,1,1,1,2,2,1,2,2,2,1,2
381,381,1,1,1,2,2,1,1,1,1,2,2,1,1,1,1,2,2,1,2,3,1,3,3,3,1,1,1,1,1,2,2,2,2,2,1,2
382,382,1,2,1,2,2,1,1,1,1,2,2,1,1,1,1,1,2,1,2,3,1,3,3,3,1,1,1,1,1,2,1,2,2,2,1,1
383,383,1,2,1,2,2,1,1,1,1,2,2,1,1,1,1,2,2,1,2,2,1,3,1,3,1,1,2,1,1,1,2,2,2,1,1,1
384,384,1,2,1,2,2,1,1,1,1,2,2,1,1,1,1,2,2,1,2,2,1,3,3,2,1,1,2,1,1,1,3,2,2,1,1,1
385,385,2,1,1,2,2,1,2,1,1,2,2,1,1,1,1,2,2,1,3,3,3,3,3,3,2,1,2,1,1,1,3,2,2,2,1,1
386,386,2,1,1,2,2,1,1,1,1,2,2,1,2,1,1,1,2,1,2,3,1,3,2,3,1,1,2,3,1,3,2,2,2,1,1,1
387,387,2,1,1,1,2,1,2,1,1,1,2,1,2,1,1,1,2,1,2,3,1,3,3,2,2,1,1,1,1,2,2,2,2,2,1,1
388,388,2,2,1,3,2,1,1,1,1,2,2,1,1,2,1,3,2,1,1,2,1,2,2,1,1,1,2,1,1,1,3,2,2,1,1,1
389,389,2,2,1,2,1,1,2,2,1,3,3,1,1,2,1,3,2,2,1,2,1,1,2,1,1,1,2,2,1,1,3,2,3,1,3,3
390,390,2,2,1,3,1,1,1,2,1,3,2,1,1,2,1,3,2,1,1,2,1,1,1,1,1,1,2,2,1,1,3,1,2,1,1,1
391,391,1,2,1,3,2,1,1,2,1,1,2,1,1,2,1,3,2,1,1,2,1,2,2,1,1,1,2,2,1,1,3,1,2,2,1,1
392,392,2,1,1,1,2,1,1,1,1,3,3,1,1,1,1,3,2,1,1,2,1,2,1,1,1,1,1,2,1,1,3,1,3,2,1,1
393,393,1,2,1,2,2,1,1,2,1,3,2,1,1,2,1,3,2,1,1,2,1,1,2,1,1,1,2,2,1,1,3,1,2,2,1,1
394,394,1,2,1,3,3,1,1,2,1,3,2,1,1,2,1,2,2,1,1,1,1,1,2,1,1,1,2,2,1,1,3,1,3,2,1,1
395,395,1,2,1,2,2,1,1,2,1,3,3,1,1,2,1,2,2,1,1,1,1,1,2,1,1,1,2,2,1,1,3,1,3,2,1,1
396,396,1,2,1,3,2,1,1,2,1,3,3,2,1,2,1,3,2,2,1,2,1,1,1,1,1,1,2,2,1,1,3,1,2,2,1,1
397,397,1,2,1,3,2,2,1,2,1,3,2,1,1,2,1,1,2,1,2,3,1,3,3,3,1,1,2,2,1,1,3,1,3,2,2,1
398,398,1,2,1,2,2,1,1,2,1,3,3,2,1,2,1,3,2,2,1,1,2,1,2,1,1,1,2,2,1,1,3,1,2,2,1,1
399,399,1,2,1,3,2,1,1,2,1,2,2,1,1,2,1,2,2,1,1,1,1,2,2,1,1,1,2,2,1,1,2,1,2,2,1,1
400,400,1,2,1,3,2,1,1,2,1,2,2,1,1,2,1,2,2,1,1,1,1,1,2,1,1,1,2,2,1,1,2,2,2,1,1,1
401,401,1,2,1,3,2,2,1,2,1,3,2,2,1,2,1,3,2,2,1,2,1,2,2,1,1,1,2,2,1,1,3,2,2,2,2,1
402,402,1,2,1,2,1,1,1,2,1,3,3,2,1,2,1,2,1,1,1,2,1,2,2,1,1,1,2,2,1,1,3,2,3,2,2,1
403,403,1,2,1,2,2,1,1,2,1,3,2,1,1,2,1,2,2,1,1,2,1,3,2,1,1,1,2,2,1,1,3,3,2,2,1,1
404,404,1,2,1,3,3,2,1,2,1,2,2,1,1,1,1,2,2,1,1,1,1,1,2,1,1,1,2,1,1,1,2,3,2,2,1,1
405,405,1,2,1,3,3,1,1,2,1,2,2,1,1,1,1,1,3,1,1,1,2,1,2,1,1,1,2,2,1,1,2,3,2,2,1,1
406,406,1,2,1,2,2,1,1,2,1,2,2,1,1,2,1,3,2,1,1,2,1,3,2,2,1,1,2,2,1,1,2,3,2,2,1,1
407,407,2,2,1,3,2,1,1,2,1,3,2,1,1,2,1,3,2,1,1,2,1,3,2,1,1,1,2,2,1,1,3,3,3,2,1,1
408,408,1,2,1,2,2,1,1,2,1,3,2,2,1,2,1,3,2,1,1,1,1,3,3,2,1,1,2,2,1,1,3,3,3,2,1,1
409,409,1,2,1,2,2,1,1,2,1,3,3,2,1,2,1,2,2,1,1,2,1,3,3,2,1,1,2,2,1,1,3,3,3,2,1,2
410,410,1,2,1,3,3,2,1,2,1,3,2,2,1,2,1,3,2,2,1,1,1,3,3,2,1,1,2,1,1,1,3,3,2,2,2,2
411,411,1,2,1,3,2,1,1,2,1,3,2,1,1,1,1,1,2,1,1,2,1,3,3,2,1,1,2,2,1,1,1,3,2,2,1,1
412,412,1,2,1,3,3,3,1,2,1,3,2,1,1,1,1,2,2,1,1,2,1,3,3,2,1,1,2,2,1,1,3,3,2,2,1,1
413,413,1,2,1,2,2,1,1,2,1,3,2,1,1,2,1,2,2,1,1,2,1,3,3,1,1,1,2,2,1,1,3,2,2,2,1,1
414,414,1,2,1,3,3,2,1,2,1,2,2,1,1,2,1,2,2,1,1,2,1,3,2,1,1,1,2,2,1,1,3,2,2,2,1,1
415,415,2,2,1,3,2,2,2,2,1,3,1,1,2,2,1,2,2,1,1,2,1,3,3,2,1,1,2,2,1,1,3,1,2,1,1,1
416,416,1,2,1,3,2,1,1,2,1,3,2,1,1,2,1,2,2,1,1,2,1,3,3,1,1,1,2,2,1,1,3,1,2,2,1,1
417,417,1,2,1,1,2,1,1,2,1,3,3,2,1,2,1,3,2,1,1,2,1,3,3,2,1,1,2,2,1,1,3,1,2,2,1,1
418,418,1,2,1,3,3,2,1,2,1,3,3,2,1,2,1,3,3,2,3,1,1,3,3,2,1,1,2,2,1,1,3,2,3,2,2,1
419,419,1,2,1,3,3,3,1,2,1,3,2,2,1,2,1,3,3,2,2,3,1,3,1,3,1,1,2,1,1,2,3,1,3,2,2,2
420,420,1,1,2,3,2,2,1,1,1,3,2,2,1,1,1,3,3,2,1,2,1,3,3,1,1,1,1,1,1,2,3,1,2,2,2,1
421,421,1,2,1,3,3,3,1,2,1,3,3,2,1,2,1,3,3,2,3,3,3,3,3,3,1,1,2,3,1,3,3,3,3,2,2,2
422,422,1,1,3,3,3,3,1,1,1,3,3,1,1,1,3,3,3,3,2,3,1,3,3,3,1,1,1,2,1,2,3,2,3,2,1,2
423,423,1,2,1,3,3,2,1,2,1,3,3,2,1,2,1,3,3,2,3,3,3,3,3,3,1,1,2,2,1,1,3,2,3,2,2,1
424,424,1,2,1,3,3,1,1,2,1,3,3,2,1,2,1,3,3,2,3,3,3,3,3,3,1,1,2,2,1,1,3,2,3,2,2,1
425,425,1,2,1,3,3,2,1,2,1,3,2,2,1,2,1,3,3,2,2,2,1,3,3,3,1,1,2,2,1,1,2,2,2,2,1,1
426,426,1,2,1,3,3,2,1,2,1,2,2,1,1,2,1,3,3,2,2,3,3,3,1,3,1,1,2,2,1,1,2,1,2,2,1,1
427,427,1,2,1,3,3,2,1,2,1,3,3,2,1,2,1,3,3,2,1,2,1,3,2,2,1,1,2,2,1,1,3,2,3,2,2,1
428,428,1,2,1,3,3,2,1,2,1,3,3,2,1,2,1,3,3,2,1,2,1,3,3,3,1,1,2,2,1,1,3,2,2,2,1,1
429,429,1,2,1,2,2,1,1,2,1,2,2,1,1,2,1,3,3,2,3,3,3,3,3,3,1,1,2,2,1,1,2,2,2,2,2,1
430,430,1,1,1,2,2,1,1,2,1,2,2,1,1,2,1,3,3,2,3,3,3,3,3,3,1,1,2,1,1,2,2,2,3,2,2,1
431,431,1,2,1,2,2,1,1,2,1,3,2,1,1,2,1,3,3,2,2,3,1,3,3,3,1,1,2,2,1,1,2,2,3,2,1,1
432,432,1,2,1,3,3,2,1,2,1,3,3,2,1,2,1,3,3,2,2,3,1,3,3,3,1,1,2,2,1,1,3,3,3,1,2,2
433,433,1,1,1,3,3,2,1,2,1,3,3,2,1,2,1,3,3,2,3,3,3,3,3,3,1,1,2,2,1,1,3,3,3,1,2,2
434,434,1,1,1,3,3,2,1,2,1,3,3,2,2,2,1,3,3,2,3,3,3,3,3,3,1,1,2,2,1,1,3,2,3,2,2,2
435,435,2,3,1,3,3,2,1,2,1,3,3,2,2,2,1,3,3,2,3,3,1,3,3,3,2,1,2,2,1,1,3,3,3,2,2,2
436,436,2,2,1,3,3,2,1,2,1,3,3,2,2,2,1,3,3,2,1,1,3,1,3,2,1,1,2,2,1,1,3,3,3,2,2,1
437,437,1,2,1,3,3,2,1,2,1,3,3,2,1,2,1,3,3,2,2,1,1,1,2,3,1,1,2,2,1,1,3,3,3,2,2,2
438,438,1,2,1,3,3,2,1,2,1,3,3,2,1,2,1,3,3,2,1,2,1,1,3,1,1,1,2,2,1,1,3,3,3,2,2,2
439,439,2,3,1,3,2,2,1,1,1,3,3,2,2,1,3,3,3,2,1,2,1,3,2,2,1,3,2,3,1,3,3,3,2,2,2,3
440,440,1,2,1,3,3,2,1,2,1,3,3,2,1,2,1,3,3,2,1,2,1,2,2,1,1,1,2,2,1,1,3,3,3,3,2,2
441,441,1,2,1,3,3,2,1,2,1,3,3,2,1,2,1,3,3,2,1,2,1,2,2,1,1,1,2,2,1,1,3,3,3,2,2,1
442,442,2,2,1,3,3,2,1,2,1,3,3,2,1,2,1,3,3,2,1,2,1,2,2,1,2,1,2,2,1,1,3,2,3,2,2,1
443,443,1,2,1,3,3,2,1,1,1,3,3,2,1,2,1,3,3,2,1,2,1,3,3,2,1,1,2,1,1,1,3,2,3,2,2,1
444,444,2,3,1,3,2,2,1,1,1,3,3,2,2,3,1,3,3,3,1,2,1,3,2,2,1,3,2,3,1,3,3,3,2,2,2,3
445,445,1,2,1,3,3,2,1,2,1,3,3,2,2,2,1,3,3,2,1,1,1,3,3,2,1,1,2,2,1,1,3,3,3,2,2,2
446,446,1,2,1,3,3,2,1,2,1,3,3,2,1,2,1,3,3,2,1,2,1,3,3,2,1,1,2,2,1,1,3,2,3,2,2,1
447,447,1,2,1,3,2,2,1,2,1,3,3,2,1,2,1,3,3,2,1,2,1,3,3,2,1,1,2,2,1,1,3,2,3,2,2,1
448,448,2,3,1,3,3,2,1,2,1,3,3,2,2,3,1,3,3,3,1,1,1,3,2,2,1,2,2,1,1,1,3,3,2,2,2,2
449,449,1,2,1,3,3,2,1,2,1,3,3,2,2,2,1,3,3,2,1,2,1,3,3,2,1,2,2,2,1,1,3,3,3,2,2,2
450,450,1,2,1,2,2,1,1,2,1,3,2,1,1,2,1,3,3,2,1,2,1,3,3,2,1,1,2,2,1,1,2,2,2,2,1,1
451,451,2,2,1,3,2,2,2,3,1,3,2,2,1,2,1,3,3,2,1,2,1,3,3,1,2,2,2,3,1,1,3,3,2,2,2,2
452,452,2,2,1,3,2,2,2,2,1,3,3,2,1,2,1,3,3,2,1,2,1,3,3,2,2,1,2,2,1,1,3,2,2,2,2,1
453,453,2,2,1,3,2,1,1,2,1,3,2,1,1,2,1,3,3,2,1,2,1,3,3,2,1,1,2,2,1,1,3,1,3,2,2,1
454,454,1,2,1,3,2,1,1,2,1,3,2,1,1,2,1,3,3,2,3,2,1,3,3,2,1,1,2,2,1,1,3,2,2,2,2,1
455,455,1,2,1,3,2,2,1,2,1,3,3,2,1,2,1,3,3,2,3,3,3,3,3,3,1,1,2,2,1,1,3,3,2,1,2,1
456,456,1,2,1,3,2,2,1,2,1,3,3,2,1,2,1,3,3,2,3,3,3,3,3,3,1,1,2,2,1,1,3,2,2,2,2,1
457,457,1,2,1,2,2,1,1,2,1,3,2,1,1,2,1,3,2,1,1,2,1,3,3,2,1,1,2,2,1,1,3,2,2,2,1,1
458,458,1,2,1,3,3,2,1,2,1,3,3,2,1,2,1,3,3,2,1,2,1,2,3,1,1,1,2,2,1,1,3,2,3,2,2,1
459,459,1,2,1,3,3,2,1,2,1,3,2,2,1,2,1,3,3,2,1,1,1,2,3,3,1,1,2,1,1,1,3,2,3,2,2,1
460,460,1,2,1,2,2,1,1,2,1,3,2,1,1,2,1,3,3,2,1,2,1,3,3,2,1,1,2,2,1,1,3,2,3,1,2,1
461,461,1,2,1,2,2,1,1,2,1,3,3,1,1,2,1,3,3,2,1,2,1,2,2,1,1,1,2,2,1,1,3,2,3,1,2,1
462,462,1,1,1,2,2,1,1,2,1,3,2,1,1,2,1,3,3,3,1,2,1,2,2,1,1,1,2,2,1,1,3,2,3,2,2,1
463,463,1,2,1,1,2,2,1,2,1,3,3,1,1,2,1,3,3,1,1,2,1,2,2,1,1,1,2,2,1,1,3,1,3,1,2,1
464,464,1,2,1,3,3,3,1,2,1,3,3,2,1,2,1,3,3,3,1,2,1,2,2,1,1,1,2,2,1,1,3,2,3,2,2,1
465,465,1,2,1,3,3,3,1,2,1,3,3,2,1,2,1,3,3,3,1,1,1,3,3,3,1,1,2,2,1,1,3,2,3,2,1,1
466,466,1,2,1,3,3,2,1,2,1,3,3,2,1,2,1,3,3,2,1,1,2,3,2,1,1,1,2,2,1,1,3,3,3,2,2,1
467,467,1,2,1,3,3,2,1,2,1,3,3,2,1,2,1,3,3,2,2,1,3,3,3,3,1,1,2,2,1,1,3,3,3,3,2,1
468,468,3,3,1,3,3,2,3,2,1,3,3,2,3,3,1,3,3,2,1,1,1,3,3,3,3,3,3,3,1,1,3,3,3,3,2,2
469,469,1,2,1,3,3,2,1,2,1,3,3,2,1,2,1,3,3,2,1,1,1,3,3,2,1,1,2,2,1,1,3,2,3,3,2,2
470,470,1,2,1,3,3,2,1,2,1,3,3,2,1,2,1,3,3,2,1,2,1,3,3,2,1,2,2,2,1,1,3,3,3,3,2,2
471,471,1,1,1,3,3,3,1,1,1,3,3,3,1,2,1,3,3,3,1,1,2,3,2,3,1,2,2,1,1,3,3,3,3,3,2,2
472,472,1,2,1,3,3,2,1,2,1,3,3,2,1,2,1,3,3,2,1,1,2,3,2,3,1,1,2,2,1,1,3,3,3,3,2,2
473,473,1,1,3,3,3,3,1,1,1,3,3,3,1,2,3,3,3,3,2,1,3,3,3,3,1,3,2,1,1,3,3,3,3,3,3,3
474,474,1,1,1,3,2,1,1,1,1,3,3,2,1,2,1,3,3,2,2,1,3,3,3,3,1,3,1,3,1,3,3,3,3,3,2,3
475,475,1,2,1,3,3,2,1,2,1,3,3,2,1,2,1,3,3,2,3,3,3,3,3,3,1,1,2,1,1,1,3,3,3,3,2,2
476,476,1,2,1,3,3,3,1,2,1,3,3,2,1,2,1,3,3,2,2,3,1,3,3,3,2,3,2,3,1,3,3,3,3,3,2,3
477,477,1,1,1,3,3,2,1,2,1,3,3,2,1,2,1,3,3,2,1,1,1,1,2,1,1,2,1,1,1,3,3,3,3,3,2,3
478,478,1,1,1,3,3,3,1,1,1,3,3,3,1,1,1,3,3,3,3,2,1,3,1,3,1,2,1,1,1,3,3,3,3,3,3,3
479,479,1,2,1,3,3,2,1,2,1,3,3,2,1,2,1,3,3,2,1,2,1,1,2,1,1,2,2,1,1,1,3,3,3,3,2,3
480,480,1,2,1,3,3,2,1,2,1,3,3,2,1,2,1,3,3,2,1,1,1,2,2,1,1,2,2,2,1,2,3,3,3,3,2,2
481,481,1,1,1,3,3,2,2,1,1,3,3,2,2,1,1,3,3,2,1,1,1,1,2,1,1,2,1,1,1,3,3,3,3,3,2,2
482,482,2,1,3,3,3,3,2,1,3,3,3,3,2,3,3,3,3,3,1,1,1,1,2,1,2,2,1,1,3,1,3,3,3,3,3,2
483,483,1,2,1,3,3,3,1,1,1,3,3,3,1,2,3,3,3,3,1,1,1,1,2,1,1,1,2,1,1,1,3,3,3,3,3,1
484,484,1,2,1,3,3,2,1,2,1,3,3,2,1,2,1,3,3,2,1,1,1,1,3,3,1,1,2,2,1,1,3,3,3,3,2,1
485,485,1,2,1,3,3,3,1,2,1,3,3,2,1,2,1,3,3,3,1,2,1,1,2,1,1,1,2,2,1,1,3,3,3,1,2,1
486,486,1,2,1,3,3,2,1,2,1,3,3,2,1,2,1,3,3,2,1,1,1,1,2,1,1,3,2,1,1,3,3,3,3,3,2,3
487,487,1,2,1,3,3,3,1,2,1,3,3,2,1,2,1,3,3,3,1,1,2,1,2,2,1,1,2,2,1,1,3,3,2,2,2,1
488,488,1,1,1,3,3,2,1,1,1,3,3,2,1,1,1,3,3,2,1,1,2,1,2,3,1,3,1,1,1,3,3,3,3,3,2,2
489,489,1,2,3,3,3,3,1,2,1,3,3,2,1,2,1,3,3,3,2,1,2,1,2,3,1,1,2,2,1,1,3,2,3,2,3,1
490,490,2,3,1,3,3,3,2,3,1,3,2,3,2,3,1,3,2,3,1,1,2,1,2,2,2,2,3,3,1,1,3,3,2,3,3,2
491,491,1,2,1,3,3,3,1,2,1,3,2,2,1,2,1,3,2,3,1,1,3,1,2,3,1,2,2,3,1,1,3,3,2,2,2,2
492,492,1,1,1,3,3,3,2,1,1,3,3,2,1,3,1,3,2,2,2,1,3,3,3,3,1,3,3,3,1,3,3,3,3,3,3,3
493,493,1,2,1,3,2,2,1,2,1,3,2,2,1,2,1,3,2,3,1,1,2,1,2,1,1,1,2,2,1,1,3,3,2,2,2,2
494,494,3,3,3,3,3,3,3,3,1,3,3,3,3,3,1,3,3,3,3,1,2,1,2,3,3,3,3,3,1,3,3,3,3,3,3,3
495,495,3,3,3,3,3,3,3,3,1,3,3,3,3,3,3,3,3,3,1,1,2,1,2,1,3,3,3,3,1,3,3,3,3,3,3,3
496,496,3,3,3,3,3,3,3,3,3,3,3,3,2,3,3,3,3,3,1,1,2,1,2,2,3,2,3,3,1,3,3,3,3,3,3,3
497,497,1,2,1,3,3,2,1,2,1,3,3,2,1,2,1,3,3,2,2,3,1,1,2,1,1,1,2,2,1,1,3,2,3,3,2,1
498,498,1,2,1,3,3,2,1,2,1,3,3,2,1,2,1,3,3,2,2,3,3,3,3,3,1,1,2,2,1,1,3,3,3,3,2,2
499,499,1,2,3,3,3,2,2,2,1,3,3,2,2,2,1,3,3,2,3,3,1,3,3,3,1,1,2,2,3,3,3,3,3,3,2,2
500,500,1,2,3,3,3,2,1,2,1,3,3,2,1,2,1,3,3,2,2,2,1,3,1,3,1,1,2,2,1,1,3,3,3,3,2,2
501,501,1,2,1,3,3,2,2,1,1,3,3,2,1,2,1,3,3,2,2,2,1,3,1,3,1,2,2,2,1,1,3,3,3,3,2,2
502,502,1,1,1,3,3,2,2,1,1,3,3,2,1,2,1,3,3,2,2,2,1,3,1,3,1,1,2,2,1,1,3,3,3,1,2,2
503,503,1,2,1,3,3,2,2,2,1,3,3,2,1,2,1,3,3,2,3,3,3,3,1,3,1,2,2,2,1,1,3,3,3,3,2,2
504,504,1,2,1,3,2,2,1,1,1,3,3,2,1,2,1,3,3,2,3,3,3,3,3,3,1,2,2,2,1,1,3,3,3,3,2,2
505,505,1,2,1,3,3,2,2,2,1,3,3,2,1,2,1,3,3,2,2,2,1,3,1,3,1,3,2,2,1,3,3,3,3,3,2,2
506,506,1,2,1,3,2,1,1,2,1,3,3,1,1,2,1,3,3,1,2,3,1,3,1,3,1,2,2,2,1,1,2,3,2,1,1,1
507,507,1,2,1,2,2,1,1,2,1,3,3,1,1,2,1,3,2,1,2,2,1,3,1,3,1,2,2,2,1,1,2,2,3,1,1,1
508,508,2,2,1,2,2,2,1,2,1,3,3,2,1,2,1,3,3,2,2,2,1,3,1,3,1,1,2,2,1,1,3,2,3,1,2,1
509,509,1,2,1,3,2,2,1,2,1,3,3,2,1,2,1,3,3,2,2,3,3,3,3,3,1,2,2,2,1,1,3,3,3,2,1,2
510,510,1,2,1,3,3,2,1,2,1,3,3,2,1,2,1,3,3,2,3,3,3,3,3,3,1,1,2,2,1,1,3,2,3,1,2,1
511,511,2,2,3,3,3,2,1,2,1,3,3,2,1,2,1,3,3,2,2,3,3,3,1,3,1,1,2,2,1,1,3,3,3,3,2,2
512,512,1,2,1,3,2,2,2,1,1,3,3,2,1,2,1,3,3,2,3,3,3,3,3,3,1,1,2,2,1,1,3,2,2,2,2,2
513,513,1,2,1,3,2,2,2,1,1,3,3,2,1,1,1,3,3,2,2,2,1,3,3,3,1,1,2,2,1,1,3,3,3,2,2,2
514,514,1,2,1,3,3,2,1,2,1,3,3,2,1,2,1,3,3,2,2,3,3,3,3,3,1,1,2,2,1,1,3,3,3,1,2,2
515,515,1,2,1,3,3,2,1,2,1,3,3,2,1,1,1,3,3,2,2,3,3,3,3,3,1,2,2,2,1,1,3,3,3,3,2,2
516,516,2,2,1,3,3,2,1,2,1,3,3,2,2,2,1,3,3,2,3,3,3,3,3,3,1,2,2,2,1,3,3,3,3,3,2,2
517,517,1,2,1,3,3,2,1,2,1,3,3,2,1,2,1,3,3,2,2,3,3,3,3,3,1,3,2,3,1,3,3,3,3,3,2,3
518,518,2,3,3,3,3,3,2,3,3,3,3,3,3,3,3,3,3,3,3,3,3,3,3,3,3,2,3,3,3,3,3,3,3,3,3,3
519,519,3,3,3,3,3,3,3,3,3,3,3,3,3,3,1,3,3,3,3,3,3,3,3,3,3,3,3,3,1,3,3,3,3,3,3,3
520,520,2,2,1,3,3,2,2,2,1,3,3,2,1,2,1,3,3,2,3,3,3,3,3,3,1,2,2,3,1,3,3,3,3,3,2,3
521,521,2,2,3,3,3,2,2,2,3,3,3,2,2,2,1,3,3,2,3,3,3,3,3,3,2,3,2,3,3,3,3,3,3,3,2,2
522,522,2,2,3,3,3,2,2,2,3,3,3,2,2,2,1,3,3,2,3,3,3,3,3,3,2,2,2,2,1,1,3,3,3,1,2,2
523,523,1,2,1,3,3,2,1,2,1,3,3,2,1,2,1,3,3,2,3,3,3,3,3,3,1,1,2,2,1,1,3,3,3,1,2,2
524,524,1,2,1,3,3,2,2,1,1,3,3,2,1,2,1,3,3,2,2,3,1,3,3,3,1,1,2,2,1,1,3,3,3,3,2,2
525,525,1,1,1,3,3,2,1,2,1,3,3,2,1,2,1,3,3,2,3,3,3,3,3,3,1,1,2,2,1,1,3,2,3,3,2,2
526,526,1,2,1,3,3,2,1,2,1,3,3,2,1,2,1,3,3,2,3,3,3,3,3,3,1,1,2,2,1,1,3,2,3,3,2,2
527,527,2,2,3,3,3,2,2,2,3,3,3,2,2,2,1,3,3,2,3,3,3,3,3,3,2,2,2,2,3,3,3,3,3,3,2,2
528,528,1,2,1,3,3,2,3,2,1,3,3,2,1,2,1,3,3,2,3,3,3,3,3,3,1,3,2,2,1,1,3,3,3,3,2,2
529,529,2,2,1,3,3,1,2,2,1,3,3,2,1,2,1,3,3,2,1,2,1,3,3,2,2,3,2,1,1,1,3,3,3,1,2,2
530,530,1,2,1,3,3,2,1,2,3,3,3,2,1,2,1,3,3,2,3,3,3,3,3,3,3,3,2,2,1,3,3,3,3,3,2,3
531,531,1,2,1,3,3,2,1,2,1,3,3,2,1,1,1,3,3,2,1,1,1,3,3,2,1,2,2,2,1,3,3,3,3,3,2,2
532,532,1,2,1,3,2,2,1,2,1,3,3,2,1,2,1,3,3,2,1,2,1,3,3,2,1,1,2,2,1,1,3,3,3,2,2,2
533,533,1,2,1,3,3,2,1,2,1,3,3,2,1,2,1,3,3,2,1,2,1,3,3,1,1,1,2,2,1,1,3,3,3,3,1,2
534,534,1,2,1,3,2,2,1,2,1,3,3,2,1,2,1,3,3,2,1,2,1,3,2,2,1,2,2,2,1,1,3,3,3,3,2,2
535,535,1,2,1,3,3,2,1,2,1,3,3,2,1,2,1,3,3,2,1,2,3,3,3,2,1,1,2,2,1,1,3,3,3,3,2,2
536,536,3,3,3,3,3,3,3,3,3,3,3,3,3,3,3,3,3,3,1,2,3,3,3,2,3,3,3,3,1,3,3,3,3,3,3,3
537,537,1,2,1,3,3,2,1,2,1,3,3,2,1,2,1,3,3,2,1,2,1,3,3,2,1,1,2,2,1,3,3,3,3,3,2,3
538,538,1,2,1,3,3,2,1,2,1,3,3,2,1,2,1,3,3,2,1,2,1,3,3,2,1,1,2,2,1,1,3,3,3,3,2,2
539,539,1,2,1,3,3,2,1,2,1,3,3,2,1,2,1,3,3,2,1,2,1,3,1,2,1,1,2,2,1,1,3,3,3,3,2,2
540,540,1,2,1,3,3,2,1,2,1,3,3,2,1,2,1,3,3,2,3,3,3,3,3,3,1,1,2,2,1,1,3,3,3,3,2,2
541,541,1,2,1,3,3,2,1,2,1,3,3,2,1,2,1,3,3,2,1,2,1,3,3,2,1,2,2,2,1,1,3,3,3,3,2,2
542,542,1,1,1,3,2,2,1,1,1,3,3,2,1,2,1,3,3,1,1,2,1,3,3,2,1,1,2,2,1,1,3,3,2,1,1,2
543,543,2,2,1,3,2,1,1,2,1,3,3,1,1,2,1,3,3,1,1,2,1,3,3,2,1,1,2,2,1,1,3,3,2,2,1,2
544,544,2,2,1,3,3,2,2,2,1,3,3,2,2,2,1,3,3,2,1,2,1,3,3,2,1,2,2,2,1,3,3,3,3,3,2,2
545,545,2,2,1,3,3,2,2,2,1,3,3,2,2,2,1,3,3,2,1,2,1,3,3,2,2,2,2,1,1,1,3,3,3,3,2,2
546,546,1,2,1,3,3,2,3,2,1,3,3,2,2,2,1,3,3,2,1,2,1,3,3,2,2,3,2,2,1,1,3,3,3,3,2,2
547,547,1,2,1,3,3,3,2,2,1,3,3,2,1,2,1,3,3,2,1,2,1,3,3,2,2,3,2,2,1,3,3,3,3,3,2,2
548,548,1,2,1,3,3,2,2,2,1,3,3,2,2,2,1,3,3,2,1,2,1,3,3,2,1,2,2,2,1,3,3,3,3,3,2,2
549,549,1,2,1,3,3,2,1,2,1,3,3,2,1,2,1,3,3,2,1,2,1,2,2,2,1,1,2,2,1,1,3,3,3,3,2,2
550,550,1,2,1,3,3,2,1,2,1,3,3,2,1,2,1,3,3,2,1,2,1,3,3,2,1,1,2,2,1,1,3,3,3,3,2,2
551,551,1,2,1,3,3,2,1,2,1,3,3,2,1,2,1,3,3,2,1,1,1,1,2,2,1,2,2,2,1,1,3,3,3,3,2,2
552,552,1,2,1,3,3,2,1,2,1,3,3,2,1,2,1,3,3,2,1,1,2,1,2,2,1,1,2,2,1,1,3,3,3,3,2,2
553,553,1,2,1,3,3,2,1,2,1,3,3,2,1,2,1,3,3,2,1,2,1,3,3,2,1,1,2,2,1,1,3,3,3,3,2,2
554,554,1,2,1,3,3,2,1,2,1,3,3,2,1,2,1,3,3,2,1,1,2,1,2,3,1,1,2,2,1,1,3,3,3,3,2,2
555,555,1,2,1,3,3,2,2,2,1,3,3,2,1,2,1,3,3,2,1,2,1,3,2,2,1,1,2,2,1,1,3,3,3,3,2,2
556,556,1,2,1,3,3,2,1,2,1,3,3,2,1,2,1,3,3,2,1,2,1,3,3,2,1,1,2,2,1,1,3,3,3,3,2,2
557,557,1,2,1,3,3,2,1,2,1,3,3,2,1,2,1,3,3,2,1,2,1,3,3,2,1,1,2,2,1,1,3,3,3,3,2,2
558,558,2,2,1,3,3,2,1,2,1,3,3,2,1,2,1,3,3,2,1,2,1,3,3,2,2,1,2,1,1,1,3,3,3,3,2,2
559,559,1,2,1,3,3,2,1,2,1,3,3,2,1,2,1,3,3,2,1,2,1,3,2,1,1,1,2,2,1,1,3,3,3,3,2,2
560,560,1,2,1,3,3,2,1,2,1,3,3,2,1,2,1,3,3,2,2,1,1,3,3,3,1,1,2,2,1,1,3,3,3,3,2,2
561,561,1,2,1,3,3,2,1,2,1,3,3,2,1,2,1,3,3,2,1,2,1,3,2,1,1,1,2,2,1,1,3,3,3,3,2,2
562,562,1,2,1,3,3,2,1,2,1,3,3,2,1,2,1,3,3,2,2,1,1,1,2,1,1,2,2,2,1,1,3,3,3,3,2,3
563,563,2,2,1,3,3,2,2,2,1,3,3,2,2,2,1,3,3,2,1,1,2,1,2,1,2,2,2,3,1,1,3,3,3,1,1,2
564,564,1,2,1,3,3,2,1,2,1,3,3,1,1,2,1,3,3,2,1,1,2,1,2,1,1,1,2,2,1,1,3,3,3,3,1,1
565,565,1,2,1,3,3,2,1,2,1,3,3,2,1,2,1,3,3,2,2,1,2,1,2,3,1,1,2,2,1,1,3,3,3,3,2,2
566,566,1,2,1,3,3,2,1,2,1,3,3,2,1,2,1,3,3,2,1,1,1,1,2,1,1,1,2,2,1,1,3,3,3,3,2,2
567,567,1,2,1,3,3,2,1,2,1,3,3,2,1,2,1,3,3,2,1,1,1,1,2,1,1,1,2,2,1,1,3,3,3,3,2,2
568,568,1,2,1,3,3,2,1,2,1,3,3,1,1,2,1,3,3,2,1,1,1,3,2,1,1,2,2,2,1,1,3,3,2,3,1,3
569,569,2,3,1,3,1,3,2,3,1,3,1,3,2,3,1,3,1,3,3,3,3,3,3,3,2,3,3,3,1,1,3,3,1,1,3,3
570,570,1,2,1,3,3,2,1,2,1,3,3,2,1,2,1,3,3,2,1,2,1,3,3,1,2,2,2,2,1,1,3,3,3,3,1,2
571,571,1,2,1,3,3,2,1,2,1,3,3,2,1,2,1,3,3,2,2,3,1,3,1,3,1,1,2,2,1,1,3,3,3,3,2,2
572,572,1,1,1,3,3,3,1,1,1,3,3,3,1,2,1,3,3,3,1,2,1,3,3,2,1,3,2,3,3,3,3,3,3,3,3,3
573,573,1,2,1,3,3,2,1,2,1,3,3,2,1,2,1,3,3,2,1,2,1,3,3,2,1,1,2,2,1,1,3,3,3,3,2,2
574,574,1,2,1,3,3,2,1,2,1,3,3,2,1,2,1,3,3,2,1,2,1,3,3,2,1,1,2,2,1,1,3,3,3,3,1,1
575,575,2,3,1,3,1,3,2,3,1,3,1,3,2,3,1,3,1,3,2,2,1,3,3,1,2,3,3,3,1,1,3,3,1,1,3,3
576,576,2,2,1,3,1,3,2,2,1,3,1,1,2,2,1,3,1,3,1,2,1,3,2,1,2,3,2,3,1,1,3,3,1,1,1,2
577,577,1,2,1,3,3,2,1,2,1,3,3,1,1,2,1,3,3,2,1,2,1,3,3,2,1,2,2,2,1,3,3,3,3,3,1,3
578,578,1,2,1,3,3,2,1,2,1,3,3,2,1,2,1,3,3,2,1,2,1,3,3,2,1,1,2,2,1,1,3,3,2,3,1,2
579,579,1,2,1,3,3,2,1,2,1,3,3,2,1,2,1,3,3,2,1,2,1,3,3,2,1,1,2,2,1,1,3,3,3,3,2,2
580,580,1,2,1,3,3,2,1,2,1,3,3,2,1,2,1,3,3,2,1,1,2,1,2,1,1,1,2,2,1,1,3,3,3,3,2,2
581,581,1,1,1,3,3,2,1,2,1,3,3,2,1,2,1,3,3,2,3,3,3,3,2,3,1,1,2,2,1,1,3,3,3,3,2,2
582,582,1,2,1,3,3,2,1,1,1,3,3,2,1,2,1,3,3,2,1,1,3,3,2,3,1,1,2,2,1,1,3,3,3,3,2,1
583,583,1,2,1,3,3,3,1,2,1,3,3,2,1,2,1,3,3,3,1,1,2,1,2,3,1,2,2,2,1,1,3,3,3,3,3,2
584,584,1,2,1,3,3,2,1,2,1,3,3,2,1,2,1,3,3,2,1,1,1,2,2,1,1,1,2,2,1,1,3,3,3,3,2,3
585,585,3,3,3,3,3,3,2,3,1,3,1,3,2,3,1,3,3,3,1,1,2,1,2,3,2,3,3,3,1,3,3,3,3,3,3,3
586,586,2,3,3,3,3,3,2,3,1,3,1,3,3,3,1,3,1,3,2,1,3,3,2,3,3,3,3,3,1,3,3,3,1,3,3,3
587,587,3,2,3,3,3,3,3,3,1,3,3,3,3,3,1,3,3,3,1,1,2,1,2,3,3,3,3,3,1,3,3,3,3,3,3,3
588,588,2,3,1,3,1,3,2,3,3,3,1,3,2,3,1,3,1,3,1,1,2,1,2,2,2,3,3,3,1,1,3,3,1,1,3,3
589,589,2,3,1,3,1,3,2,3,1,3,1,3,2,3,1,3,1,3,1,1,2,1,2,1,3,3,2,3,1,1,3,3,1,1,3,3
590,590,2,3,1,3,1,3,2,2,1,3,1,1,2,2,1,3,1,3,1,2,1,2,1,2,2,3,2,1,1,1,3,3,1,1,1,3
591,591,3,3,3,3,1,3,2,3,1,3,1,3,3,3,1,3,1,3,1,1,1,1,2,1,3,3,3,3,3,1,3,3,1,1,3,3
592,592,2,3,1,3,1,3,2,3,1,3,1,3,2,3,1,3,1,3,1,2,1,3,2,1,2,3,3,3,1,1,3,3,1,1,3,3
593,593,2,2,1,3,1,3,2,2,1,3,1,3,3,3,1,3,3,3,1,2,1,3,3,2,2,3,2,3,1,1,3,3,1,1,3,3
594,594,2,3,1,3,1,3,2,2,1,3,1,1,2,3,1,3,3,3,1,2,1,3,2,2,2,3,3,3,1,3,3,3,1,1,3,3
595,595,2,3,3,3,1,3,2,3,1,3,1,3,3,3,1,3,3,3,1,2,1,3,3,2,2,3,3,3,1,3,3,3,1,1,3,3
596,596,2,2,1,3,1,3,2,2,1,3,1,1,2,2,1,3,1,3,1,2,1,3,3,2,2,3,2,2,1,1,3,3,1,1,3,3
597,597,2,3,1,3,1,3,2,3,1,3,1,3,3,3,1,3,3,3,3,3,3,3,3,3,3,3,3,3,1,1,3,3,1,1,3,3
598,598,3,3,3,3,1,3,2,3,1,3,1,3,3,3,1,3,1,3,3,3,3,3,3,3,3,3,3,3,3,3,3,3,1,1,3,3
599,599,2,2,1,3,1,3,2,3,1,3,1,1,2,3,1,3,1,1,3,3,3,3,3,3,2,3,3,3,1,1,3,3,1,1,3,3
600,600,2,3,1,3,1,3,2,3,1,3,1,3,2,3,1,3,1,3,2,1,3,3,3,3,2,3,3,3,1,1,3,3,1,1,3,3
601,601,3,3,3,3,1,3,3,3,1,3,1,3,2,3,1,3,1,3,1,1,1,3,3,3,3,3,3,3,3,1,3,3,1,1,3,3
602,602,1,2,1,3,3,3,2,3,1,3,3,3,1,2,1,3,3,3,2,1,1,1,2,2,1,3,2,3,1,3,3,3,3,3,1,3
603,603,3,3,3,3,3,3,3,3,1,3,3,3,3,3,1,3,3,3,1,2,1,3,3,3,3,3,3,3,1,3,3,3,3,3,3,3
604,604,1,2,1,3,3,2,1,2,1,3,3,3,1,2,1,3,3,2,1,2,1,3,3,2,1,3,2,3,1,3,3,3,3,3,1,3
605,605,1,2,1,3,3,2,1,2,1,3,3,3,1,2,1,3,3,2,3,3,3,3,3,3,1,1,2,3,1,3,3,3,3,3,2,3
606,606,1,2,1,3,3,2,1,2,1,3,3,2,1,2,1,3,3,2,1,2,1,3,2,1,1,1,2,2,1,1,3,3,3,3,2,3
607,607,1,2,1,3,3,2,1,2,1,3,3,2,1,2,1,3,3,2,3,3,3,3,3,3,1,1,2,2,1,1,3,3,3,3,2,3
608,608,1,2,1,3,3,2,1,2,1,3,3,2,1,2,1,3,3,2,2,1,1,3,3,3,1,1,2,3,1,3,3,3,3,3,2,3
609,609,1,2,1,3,3,3,1,2,1,3,3,3,1,2,1,3,3,3,3,3,3,3,3,3,1,3,2,3,1,3,3,3,3,3,3,3
610,610,1,2,1,3,3,2,1,2,1,3,3,2,1,2,1,3,3,2,3,3,3,3,3,3,1,2,2,2,1,3,3,3,3,3,1,3
611,611,3,3,1,3,3,3,2,2,1,3,1,3,3,3,1,3,1,3,2,3,3,3,3,3,2,2,2,3,1,3,3,3,1,3,3,3
612,612,1,2,1,3,3,2,1,2,1,3,3,2,1,2,1,3,3,2,3,3,3,3,3,3,1,1,2,2,1,1,3,3,3,3,1,3
613,613,1,2,1,3,3,3,1,2,1,3,3,3,1,2,1,3,3,3,3,3,3,3,3,3,1,1,2,2,1,3,3,3,3,3,3,3
614,614,1,2,1,3,3,3,1,2,1,3,3,2,1,2,1,3,3,2,3,3,3,3,3,3,1,2,2,3,1,3,3,3,3,3,2,3
615,615,1,2,1,3,3,3,1,2,1,3,3,3,1,2,3,3,3,3,3,3,3,3,3,3,2,3,2,2,1,1,3,3,2,3,1,3
616,616,1,2,1,3,3,3,1,2,3,3,3,3,1,2,1,3,3,3,3,3,3,3,3,3,2,1,3,2,3,1,3,3,3,3,3,3
617,617,1,2,1,3,3,3,1,2,3,3,3,3,1,2,1,3,3,3,3,3,3,3,3,3,3,1,3,1,3,1,3,3,3,3,3,3
618,618,1,2,1,3,3,3,1,3,3,3,3,3,3,3,1,3,3,3,3,3,3,3,3,3,3,1,3,1,1,1,3,3,3,3,3,3
619,619,2,3,3,3,3,3,2,1,3,3,3,3,2,3,3,3,3,3,3,3,3,3,3,3,3,1,3,1,1,1,3,3,3,3,3,3
620,620,2,2,3,3,3,3,1,2,3,3,3,3,1,3,1,3,3,3,3,3,3,3,3,3,2,2,3,1,3,1,3,3,3,3,3,3
621,621,1,2,1,3,3,3,1,2,1,3,3,2,1,2,1,3,3,2,3,3,3,3,3,3,1,1,2,2,1,1,3,3,3,3,2,3
622,622,1,2,1,3,3,3,1,2,1,3,3,2,1,2,1,3,3,3,1,3,3,3,3,3,1,1,2,2,1,1,3,3,3,3,2,3
623,623,1,2,1,3,3,3,1,2,1,3,3,3,1,2,1,3,3,3,1,1,1,3,3,2,1,3,2,3,1,3,3,3,3,3,2,3
624,624,1,2,1,3,3,3,1,2,3,3,3,3,1,2,1,3,3,3,1,2,1,3,2,2,1,1,2,2,1,3,3,3,3,3,3,3
625,625,1,2,3,3,3,3,1,2,1,3,3,2,1,3,1,3,3,3,1,2,1,3,3,2,1,1,2,3,1,3,3,3,3,3,2,3
626,626,1,2,1,3,3,3,1,2,1,3,3,3,1,2,1,3,3,3,1,2,1,3,3,2,1,1,2,2,1,1,3,3,3,3,3,3
627,627,3,3,3,3,3,3,1,2,1,3,3,2,1,2,1,3,3,3,1,2,1,2,2,1,1,2,2,3,1,3,3,3,3,3,2,3
628,628,2,3,1,3,3,3,1,2,1,3,3,2,1,2,1,3,3,2,1,2,1,3,3,3,1,2,2,3,1,3,3,3,3,3,2,3
629,629,3,3,3,3,3,3,3,3,3,3,3,3,3,3,3,3,3,3,2,1,3,3,3,3,3,3,3,3,3,1,3,3,1,3,3,3
630,630,1,2,1,3,3,2,1,2,1,3,3,2,1,2,1,3,3,2,1,1,1,3,3,2,1,1,2,3,1,1,3,3,3,3,1,3
631,631,1,2,1,3,3,2,1,2,1,3,3,2,1,2,1,3,3,2,1,2,1,3,3,2,1,1,2,2,1,1,3,3,3,3,1,3
632,632,1,2,1,3,3,3,1,2,1,3,3,1,1,2,1,3,3,3,1,2,1,3,3,2,1,3,2,3,1,3,3,3,3,3,1,3
633,633,1,2,1,3,3,2,1,2,1,3,3,2,1,2,1,3,3,3,1,1,1,3,3,3,1,2,2,3,1,3,3,3,3,3,1,3
634,634,3,3,3,3,3,3,3,3,1,3,3,3,3,3,1,3,3,3,2,2,1,3,3,2,3,3,3,3,1,3,3,3,3,3,3,3
635,635,3,3,3,3,3,3,3,3,3,3,3,3,3,3,3,3,3,3,1,2,1,3,3,3,3,3,3,3,1,3,3,3,3,3,3,3
636,636,3,2,3,3,3,3,3,3,1,3,3,3,3,3,1,3,3,3,1,2,1,3,3,2,3,3,3,3,1,3,3,3,3,1,3,3
637,637,3,3,3,3,3,3,3,3,1,3,3,3,3,3,1,3,3,3,1,2,1,3,3,2,3,3,3,3,1,3,3,3,3,3,3,3
638,638,3,2,3,3,3,3,3,3,1,3,3,3,3,3,1,3,3,3,1,1,1,3,3,2,3,3,3,3,1,3,3,3,3,3,3,3
639,639,3,2,3,3,3,3,3,3,1,3,3,3,3,3,1,3,3,3,1,2,1,3,3,2,3,3,3,3,1,3,3,3,3,3,3,3
640,640,3,2,3,3,3,3,3,3,1,3,3,3,3,3,1,3,3,3,1,1,1,3,3,2,3,3,3,3,1,3,3,3,3,3,3,3
