,District,cloud_01,cloud_03,cloud_05,cloud_07,cloud_09,cloud_11,sum_cloud
0,151,0,0,0,0,0,0,0
1,470,0,0,0,0,0,0,0
2,357,0,0,0,0,0,0.019312476,0.019312476
3,83,0,0,0,0,0.02257846,0,0.02257846
4,497,0,0,0,0,0,0.007847754,0.007847754
5,445,0,0,0,0,0,0,0
6,387,5.560673862,0,0.296267035,0.065811122,0,0.572519084,6.495271103
7,636,0,0,0,0,0,0,0
8,87,0,0,0.014992504,0,0,0,0.014992504
9,316,0.250776212,0.005970862,3.465525554,0.005970862,0.286601385,0.035825173,4.050670049
10,395,0,0,0.088841507,0,0,0,0.088841507
11,453,0,0,0,0,0,0,0
12,243,9.872804361,0,0,0,0,0.499531689,10.37233605
13,382,0,0,0.706260032,0.152512442,0,0,0.858772474
14,146,0,0.022031284,0.077109495,0,0,0,0.09914078
15,150,0,0,0,0,0,0,0
16,535,0.004846722,0,0.375866919,0,0.002423361,0.007270084,0.390407086
17,147,0,0.212118417,0,0,0,0,0.212118417
18,542,0,0.730607224,0.257371031,0.373162458,0.003727588,0.380242311,1.745110611
19,578,0,0.587453368,0.204196898,0,0.197264034,4.551294722,5.540209022
20,224,0.203738152,0.265745416,0.531490832,0.177163611,0.088581805,1.31112686,2.577846676
21,522,0,0,0.005508883,0.001377221,0,0.001377638,0.008263742
22,259,0.29924613,0.197125779,0,0.565259171,0.416719283,0.356052899,1.834403262
23,273,3.001613771,0.048413125,0.402448702,1.899386769,0.710059172,0.043033889,6.104955428
24,241,14.67287303,18.62745098,5.40166205,1.065246338,14.57564576,9.830643782,64.17352193
25,235,0.096598358,0,0,0,0,0.006899883,0.103498241
26,451,0.147743553,0,0,0,0,0,0.147743553
27,528,0.002873646,0,0,0,0.011494583,0,0.014368229
28,520,0.02305058,0,0,0.00329294,0,0.00658588,0.032929399
29,430,0.121872536,0.007168973,0,0,0,0,0.129041508
30,429,0.030197796,0.00301978,0,0,0,0.006039559,0.039257134
31,348,0,0,0,0,0,0.162176773,0.162176773
32,586,0,0.073746313,0.368822228,0.283076923,0,0.012804097,0.738449561
33,446,0,0,0,0,0,0.01076745,0.01076745
34,269,10.41544763,0.643651258,2.647239893,1.603735282,1.326311683,0.312073337,16.94845908
35,21,0,0,0,0.083655757,0.073855244,0.062676277,0.220187277
36,186,0.180882148,0.013914011,0,1.586197301,0.069570057,0.013914011,1.864477529
37,414,1.366448367,0,0,0,0,0,1.366448367
38,6,0.389063007,0.572787204,0.475521453,0.043229223,0.518862826,0.064843834,2.064307546
39,180,0.086650696,0.025485499,0.030582599,0.035679698,0.117233294,0.040776798,0.336408584
40,136,0,0,0,0,0,0,0
41,493,0,0,0,0,0,0.058754407,0.058754407
42,457,0,0,0,0,0,0.004996877,0.004996877
43,298,0.032087277,0,1.996838339,0.328894593,0.072196374,0.024084778,2.454101363
44,490,0,0,0,0,0,0,0
45,338,0,0.057049715,0.036515008,0.021891419,0.00729714,0.043782837,0.166536118
46,524,0,0,0,0,0,0.339909591,0.339909591
47,111,0,0,0,0,0,0.02007629,0.02007629
48,343,0.96798213,0.004599604,0.020683379,0.004136676,0.041366758,0.008273352,1.047041898
49,564,0.275151333,0,0,0,0,0.171982489,0.447133822
50,595,0.182648402,0,0.041152263,0.47436187,0.020294267,0,0.718456802
51,221,0.108200015,1.70801453,0.023185718,0.046371435,0.007728573,0.108200015,2.001700286
52,468,0.02760039,1.3691958,0.127178266,0.026518021,0.167767074,0.123931161,1.842190713
53,183,0.043963291,0.032972468,0.016486234,0.005495411,0.038467879,0.005495411,0.142880695
54,452,0,0,0,0,0,0,0
55,242,15.69242117,0,0,0,0,2.928786359,18.62120753
56,121,0,0,0,0,0,0.004027386,0.004027386
57,311,0,1.667789757,0.021155067,0.019245574,0,6.808803301,8.516993699
58,515,0,0,0,0,0.006932249,0,0.006932249
59,91,0,0,0,0,0,0,0
60,209,1.503579952,0.007955449,0,0.079554495,0.167064439,0.039777247,1.797931583
61,159,0,1.408165333,0.010130686,0.010130686,0,0.050653429,1.479080134
62,405,0,0,0,0,0,0,0
63,391,0.02987304,0,0,0,0,0,0.02987304
64,389,0,0.005786702,0.441843802,2.179320147,0,0.491869683,3.118820335
65,632,0.052356021,2.715681404,0.468125394,0.038680444,0.570680628,0.063265658,3.90878955
66,308,0.145560408,0.304749005,0.12930177,0.018570102,0.234558249,0.025647602,0.858387136
67,538,0,0,0.010517459,0,0.038924642,0.062251157,0.111693258
68,48,0,0,0,0,0.012920731,0.006460366,0.019381097
69,533,0.181834441,0,0,0,0,0.065595277,0.247429718
70,580,0,0,0,0,0,0.058709299,0.058709299
71,349,0,0,0,0,0,0.07703462,0.07703462
72,4,4.269622345,2.118143812,2.624109528,2.444715101,2.805577656,2.378128164,16.64029661
73,132,0,0,0.017409471,0,0.350748995,0.023176314,0.39133478
74,351,0,0.010075567,0.130982368,0,0,0.755667506,0.896725441
75,623,4.457248824,1.715345387,2.397509769,0,0.006622955,1.64249288,10.21921982
76,344,0,0,0,0,0,0.076030707,0.076030707
77,606,0.199929437,1.4174999,3.154347982,0.01600064,0.078591638,1.954017401,6.820386998
78,126,0.00295517,0,0,0,0,0.00295517,0.00591034
79,38,0,0,0,0,0,0,0
80,215,0.029331248,0.19554165,0,0.029331248,0,0.048885413,0.303089558
81,19,0.531914894,0.479595396,0.196815173,0.39817975,0.902024758,0.921699438,3.430229408
82,226,0.346347607,0.110201511,0.818639798,0.220403023,0.220403023,0.519521411,2.235516373
83,116,0,0.002101282,0,0,0,0,0.002101282
84,225,0,0,0.014577259,0.051020408,0,0.743440233,0.809037901
85,569,0.312519532,0.150009376,0.152043079,0.366960235,0.012500781,0.070050309,1.064083312
86,113,0.00194475,0.000972375,0.000972375,0,0,0.000972375,0.004861874
87,545,0.186207501,0.981423063,2.274903655,2.012285066,0.394629511,0.700068032,6.549516829
88,200,0.340897697,0.04678988,0.053474149,0.02339494,0.02339494,0.110290431,0.598242037
89,279,0.121500532,0,1.557516479,0.604508197,0.081000354,0.334126462,2.698652023
90,169,0,0,0,0,0,0.031318509,0.031318509
91,101,0.002179029,0.015253203,0,0,0,0,0.017432232
92,572,0.033259424,0,0.044345898,0.055432373,0.144124169,0.606946162,0.884108024
93,372,0,0,0.006884208,0,0,0,0.006884208
94,35,0,0,0,0.029202196,0,0.33862681,0.367829006
95,202,0.011209506,1.143369577,0,0.033628517,0,0,1.1882076
96,178,0.298449986,0.048137094,0.057764513,0.067391932,0.279195148,0.134783864,0.885722538
97,324,0,0.009760859,0.151371807,0.09472388,0.673637643,0,0.929494189
98,270,0.364132909,1.259292975,5.429312185,2.928235473,0,0.030344409,10.01131795
99,381,0.390209294,0.005912262,0.366560246,0.011827321,0,0.017736786,0.792245909
100,570,0.117300087,0.020108586,0.144111536,0.107245794,0,0.095190953,0.483956956
101,133,0.032135397,0,0,0,0.048226342,0.058914895,0.139276634
102,143,0.005876822,0,0.211565585,0,0.023507287,0.005876822,0.246826516
103,39,0.836751436,0,0,0,0,0.016450074,0.85320151
104,1,1.134969325,0.593047035,1.433104719,3.660531697,0.778449247,1.095738794,8.695840817
105,408,0,0,0.031712169,0,0,0,0.031712169
106,583,0,0,0,0.010500893,0,0.225539684,0.236040577
107,419,0,0,0,0,0.004476677,0,0.004476677
108,455,0.62873433,0,0,0,0,0.031241457,0.659975788
109,474,0.048671553,0.085890976,0,0,0,0.05726065,0.191823179
110,599,0.528511822,11.5291937,0.147477088,0.703179162,0.806675939,7.865847517,21.58088523
111,140,0,0,0,0,0.044198895,0.011044842,0.055243737
112,480,0,0,0,0,0,0.002949591,0.002949591
113,601,0.225638133,0,1.544153129,0.353527238,0.785698019,12.85040608,15.7594226
114,409,0,0,0.037770463,0,0,0,0.037770463
115,500,0,0,0,0,0,0,0
116,34,1.739872628,1.775983192,3.361565229,2.84954532,3.869204426,1.786948366,15.38311916
117,194,0.005562663,0,0,0,0,0,0.005562663
118,268,0.041666667,0.197628458,0.04214075,1.975620008,0.4604437,0.357995227,3.075494811
119,74,0,0,0,0,0,0,0
120,164,0.015496668,0,0.162715016,0,0.488145049,0.092980009,0.759336743
121,118,0,0.003632269,0,0,0,0,0.003632269
122,134,0.005024116,0,0,0.005025126,0.169677066,0.040192926,0.219919234
123,266,1.838074398,1.487964989,5.160263696,0.266370699,0.131291028,0.33916849,9.223133301
124,276,0.063492063,0,0.032341527,0.285714286,1.015873016,0,1.397420892
125,489,0,0,0,0,0,0,0
126,187,0,0.007638836,0.061110687,0.198609732,0.007638836,0,0.27499809
127,82,0,0,0,0.012656626,0.012656626,0,0.025313251
128,160,0,0.14973262,0.010695187,0,0,0,0.160427807
129,211,0.006914673,0.089890748,0,0,0,0.152122805,0.248928226
130,416,0.010630947,0,0,0,0,0.002657737,0.013288683
131,510,0,0,0.015534383,0.001725983,0,0.081121199,0.098381564
132,46,0,0.012781186,0,0.006390593,0,0,0.019171779
133,247,4.83502725,0,69.44444444,0,0,46.35761589,120.6370876
134,365,0,0,0,0,0,0,0
135,444,0,0,0,0,0,0.016770082,0.016770082
136,14,2.280516741,1.509359346,2.66076852,4.884370016,8.197701455,5.12145749,24.65417357
137,503,0,0,0,0,0,0.075984955,0.075984955
138,205,0.30816641,0,0.077041602,0.539291217,0,0,0.92449923
139,130,0.003803438,0.001901719,0,0,0,0.001901719,0.007606877
140,141,0,0,0,0,0,0,0
141,153,0.279369423,0.008552125,0.019954959,0.025656376,0.259414464,0.096924086,0.689871433
142,12,0.269905533,0.101214575,0.40526849,0.033738192,1.552480594,1.434350864,3.796958248
143,260,2.313587507,1.722456939,3.601921025,4.453168817,2.893320284,5.040474906,20.02492948
144,347,0,0,0,0,0,0,0
145,523,0.012778192,0,0.012778192,0,0.006389096,0.044834433,0.076779913
146,57,6.343467543,6.379984363,12.01471941,15.0634893,12.53658537,6.718381668,59.05662765
147,507,0,0,0.063621326,0,0,0,0.063621326
148,627,18.37916064,0,0.175572072,0,0.338875357,1.809902588,20.70351065
149,477,0.103497803,0.585079419,0.086616668,0.010561,0.063366002,0.078151403,0.927272295
150,410,0,0,0,0,0,0,0
151,628,59.25925926,17.64705882,0.160049793,21.59624413,0.13576487,0.584466188,99.38284306
152,332,0.181681494,0.050119033,0.037589275,0,0.012529758,0.144092219,0.426011778
153,63,8.297892449,3.540851918,0,0,0,1.824024194,13.66276856
154,472,0,0,0,0,0,0,0
155,64,0.00697642,0,0,0.011259993,0,0.013952839,0.032189252
156,431,0,0,0,0,0,0,0
157,614,0.03785216,5.158708701,0,0,0.048667063,2.516625375,7.761853299
158,435,0,0,0,0,0,0,0
159,428,0.263255699,0,0,0,0,0,0.263255699
160,157,0,0,0,0,0,0,0
161,220,0.257328261,0.469903782,0.167841558,0.055940926,0.134258223,0.156634594,1.241907344
162,13,3.046458492,3.084539223,3.617669459,6.435643564,4.265041889,5.674028941,26.12338157
163,473,0,0,0,0,0,0,0
164,32,0.007614986,0.007614986,0,0.007614986,0.663564945,0.175144685,0.861554589
165,406,0,0,0,0,0,0,0
166,282,0.01682935,0,3.423485108,0,0.067317402,0.87512622,4.38275808
167,16,1.215713855,0.371747212,0.3614209,1.184299571,2.293064877,1.276725099,6.702971515
168,90,0,0,0,0,0.049309665,0,0.049309665
169,43,0,0.012368584,0,0.020614306,0,0,0.03298289
170,340,0.007324934,0,0,0,0,0.003662467,0.010987401
171,568,0.142763327,0.002855267,0.031463631,0.034312184,0,0.219558509,0.430952917
172,496,0,0,0,0.047348485,0,0,0.047348485
173,534,0.011892728,0,0.011893199,0.001982121,0,0.001982121,0.027750169
174,125,0,0,0,0,0,0,0
175,447,0,0,0,0,0,0.12613811,0.12613811
176,620,4.499922947,0.602463011,2.464454976,0.514138817,0,6.459561735,14.54054149
177,45,0,0,0,0.088560886,0,0,0.088560886
178,246,1.663096888,0,5.719861883,9.014710913,0,5.571737292,21.96940698
179,622,0.443727309,1.490904904,1.312532382,0.051512253,0.236052738,2.083694084,5.618423669
180,78,0,0,0,0.00902853,0,0,0.00902853
181,112,0.00753343,0,0.001255572,0.005022286,0,0.008789001,0.022600289
182,354,0,0.171031534,0,0,0,1.079636558,1.250668092
183,509,0.068197318,0.018599268,0.018602344,0.002066585,0.004133171,0.010332927,0.121931613
184,7,0.089174246,0.267522739,0.035884094,0.14747903,0.046227811,0.285765315,0.872053236
185,236,0,0,0,0.004555809,0,0.004555809,0.009111617
186,172,0,0.010733645,0.053668223,0.005366822,0.010733645,0.032200934,0.112703268
187,375,0,0,0,0,0,0,0
188,529,0,0,0,0.032978423,0,1.490004772,1.522983195
189,248,0.454875074,6.90944041,2.258592471,1.079981218,0,0.082997392,10.78588656
190,216,0.575923585,0.014046917,0.091304959,0.063211125,0.028093833,0.04214075,0.814721169
191,317,7.421780257,0,0.024254184,0,0,0.036381276,7.482415717
192,40,0.131233596,0.018747657,0,0,0,0.037495313,0.187476565
193,505,4.520474264,0.004677159,0.004677159,0,0,0.025724375,4.555552957
194,171,0.007316359,0.021949078,0,0,0,0,0.029265438
195,393,0,0,0.021278105,0,0,0,0.021278105
196,168,0,0,0.005265098,0.005265098,0,0.005265098,0.015795293
197,165,0,0.009785693,0.004892847,0,0.004892847,0,0.019571387
198,402,0.498358581,0,0,0,0,0,0.498358581
199,53,0,0,0,0,0,0.011969597,0.011969597
200,495,0,0,0,0,0,0,0
201,479,0,0,0,0,0,0.014054419,0.014054419
202,484,0,0,0,0,0,0,0
203,231,0.009492169,0,0.037968676,0,0.142382534,0,0.189843379
204,41,0.005973002,0.011946004,0,0.005973002,0,0,0.023892008
205,331,0.020733983,0.031100974,0,0,0,0,0.051834957
206,602,2.003561888,8.21845175,0.041500664,1.751023608,0.651197605,0.842137498,13.50787301
207,104,0,0,0.013285859,0,0.002657172,0.002657172,0.018600202
208,383,0.192407696,0,0,0.317229185,0,0.041601664,0.551238545
209,592,0.22559475,2.07820618,0.74679442,1.309983453,3.063037453,1.017113335,8.440729591
210,313,0,0.370910054,0.021040819,1.111338379,0.37788385,0.006627344,1.887800447
211,353,0,0,0,0,0,0.074812968,0.074812968
212,390,0.087090313,0.00290301,0.278689,0.075493612,0,0.00290301,0.447078946
213,399,0,0,0,0.028401022,0,0.012171867,0.040572889
214,366,0,0,0,0,0,0,0
215,309,0.081419017,0.013643495,0.213143872,0,0.030757401,0.168653678,0.507617464
216,536,0,0.133333333,0.8,0.266666667,0,0.533333333,1.733333333
217,608,0.009325748,5.441574186,0.920810313,0.004693514,0.009325748,0.342026507,6.727756017
218,127,0,0.008178287,0.004089143,0,0.004089143,0.053158863,0.069515437
219,267,0.217214228,2.71559633,0.019153419,0.177869313,2.326002353,1.357588922,6.813424565
220,105,0,0,0.02629503,0,0,0,0.02629503
221,361,0,0,0,0.033778078,0,0.016889039,0.050667117
222,238,0,0,0,0.0074206,0,0.037102998,0.044523598
223,62,6.394812766,4.368327985,2.665245203,1.762956669,1.901565996,1.821157566,18.91406618
224,129,0.018140919,0,0,0,0,0.007256367,0.025397286
225,531,0,0,0,0,0,0.019429333,0.019429333
226,488,0.008750438,0.087504375,0.008750438,0,0,0,0.10500525
227,494,0,0,0,0,0,0,0
228,149,0.008649023,0.808683619,0.004324511,0.008649023,0,0.017298045,0.847604221
229,339,0.013165257,0,0,0,0,0.039495771,0.052661028
230,427,0.037746742,0.019983569,0,0,0,0,0.057730311
231,218,0.110820069,0,0.141043724,0.030223655,0.040298207,0.040298207,0.362683861
232,626,17.64141898,1.275490119,10.43268909,0.931336742,1.729559748,4.434559914,36.4450546
233,97,0,0,0,0,0,0,0
234,540,0,0,0.140431272,0,0.001846586,0.009232928,0.151510786
235,283,1.166127358,0.036632273,1.541579659,0.29985925,0.036632273,0.293058184,3.373888997
236,566,0.142559804,0,0,0.005702392,0,0.168788866,0.317051062
237,77,0,0,0,0,0,0,0
238,492,0.037459196,0,0,0,0,0.005351314,0.04281051
239,26,2.709860669,2.067381317,6.03279444,7.143132048,6.499535747,4.785343177,29.2380474
240,103,0,0,0,0.018551499,0,0,0.018551499
241,485,0,0,0,0,0,0,0
242,462,0,0,0,0,0,0,0
243,300,0.014035088,0.05174453,0.148148148,0.106247344,0.044195639,0.162601626,0.526972375
244,206,0.019118631,0,0.65378329,0.723813463,0.009559316,0.156739812,1.563014512
245,196,0,0,0,0,0,0,0
246,254,0.1421231,0.549303323,1.768234923,0.06576784,3.902373609,0.03332963,6.461132424
247,615,0,20.77777778,0,0,0,1.973684211,22.75146199
248,609,0,4.513590844,0.584845618,0.064921013,0,0.273224044,5.436581519
249,577,0,0.473495785,0.031239018,0.367775154,0.586498874,1.935162997,3.394171827
250,8,2.975014526,2.3474724,0.732132481,2.115787026,1.162115049,5.179181968,14.51170345
251,558,0,0,0,0,0,0.310314685,0.310314685
252,117,0,0,0,0,0,0,0
253,560,0,0,0,0,0,0.004298857,0.004298857
254,532,1.078384033,0,0.266315481,0.014632291,0,0.002926415,1.362258221
255,29,0,0,0,0,0.068936992,0.140331182,0.209268173
256,263,0.691857371,1.490154337,0.637898687,0.164624108,1.082135888,0.425758382,4.492428773
257,539,0,0,0.006815703,0,0.003373648,0.128211617,0.138400968
258,603,15.63088512,42.33870968,0,0,2.63653484,7.721280603,68.32741024
259,280,0.39905936,2.14494406,0.218950547,0.137621324,0.43468966,0.41331148,3.748576432
260,432,0,0,0,0,0,0,0
261,262,0.263815607,0.624392951,0.243448375,2.287077312,0.166666667,0.013875399,3.59927631
262,600,5.141519039,0,0.600480384,2.228565155,0.651272943,17.61713204,26.23896956
263,272,0.174621653,0.012934937,0.974047199,1.196791305,0.071142155,0.097012029,2.526549279
264,20,2.674577818,2.355089,1.579187586,1.252514171,1.49623646,2.665449566,12.0230546
265,137,0.019219681,0,0,0.115318086,0.009624639,0.269075533,0.413237939
266,188,0.330994307,0.019859658,0,0.258175559,0.112538064,0.046339203,0.767906792
267,491,0,0,0,0.007765784,0,0,0.007765784
268,591,0.229693047,1.054499896,0.853500432,0.24013364,1.739434975,4.349534914,8.466796904
269,0,3.664477013,3.63944271,3.247541753,4.645003425,4.108741249,4.56848859,23.87369474
270,465,0,0,0,0,0,0,0
271,521,0,0,0,0,0.003011731,0,0.003011731
272,379,1.128455896,0.009403799,0.21628738,0.11284559,0,0.009403799,1.476396464
273,175,0,0.08626267,0,0.008626267,0,0.034505068,0.129394005
274,10,0.676851673,0.309417908,0.5028041,0.038692204,0.135370335,2.958963283,4.622099501
275,67,0,0,0,0,0.007912644,0.007912644,0.015825289
276,293,0.087271751,0,1.360866622,0.41655469,0.067132116,0.120837809,2.052662987
277,621,0.047425474,4.007612224,0.659181051,0,0.086816321,3.936475756,8.737510827
278,261,1.443001443,0.77294686,0.335976347,1.114729459,1.505276226,0.122354093,5.294284428
279,69,0,0,0,0,0,0,0
280,385,0.150249414,0,0,0.144239437,0,0,0.294488851
281,460,0,0.012034177,0,0,0,0,0.012034177
282,363,0,0,0,0,0,0.075709779,0.075709779
283,374,0,0,0.002371973,0.002373436,0,0,0.004745409
284,525,0,0,0,0,0.003121683,0.02814787,0.031269553
285,326,0.08716496,0.199725378,0,0,0.048846013,0,0.33573635
286,421,0,0.042857755,0,0,0,0,0.042857755
287,618,23.71990505,0.577725473,1.632121758,0.808463919,0,2.218463987,28.95668019
288,587,0,0,0,0,0,0,0
289,223,0.422705314,0.09057971,0.226449275,0.166062802,0.211352657,0.588768116,1.705917874
290,106,0,0,0,0,0,0,0
291,161,0.009549274,0.410618793,0,0.009549274,0,0,0.429717341
292,214,0.862641009,0.132714001,0.96881221,0.318513603,0.451227605,0.95554081,3.689449237
293,162,0,0.177363929,0,0,0,0,0.177363929
294,191,0.193666579,0.041873855,0.020936928,0,0.157026956,0.020936928,0.434441246
295,299,0.082933476,0.124400213,1.512275761,0.319886263,0.456134115,0.201409869,2.697039697
296,341,0.301778907,0,0.857687421,0.047649301,0.0158831,0.0158831,1.23888183
297,546,2.780584903,0.983004134,0.012249273,1.518590748,1.463788088,0.012249273,6.770466418
298,222,0.301694129,0.069621722,0.777442562,0.174054305,0.069621722,0.34810861,1.740543049
299,258,0.427441761,0.648405452,0,0.851637765,0.388795617,0.433268859,2.749549454
300,15,16.47371715,14.0175219,10.88861076,9.621401752,10.60795989,9.136420526,70.74563198
301,36,0,0,0,0,0,0.025614754,0.025614754
302,610,0.008453085,0.553677092,0.409946842,0.110459682,0.033839516,3.360904007,4.477280225
303,498,0,0,0,0,0.006457237,0,0.006457237
304,93,0,0,0,0,1.666666667,0,1.666666667
305,499,0,0,0,0.019732039,0.001973204,0,0.021705243
306,425,0,0,0,0,0.002604641,0.020837132,0.023441773
307,501,0,0,0,0,0,0.03012826,0.03012826
308,394,0,0,0,0,0,0,0
309,411,0,0,0,0,0,0,0
310,2,9.042553191,7.559638943,2.901353965,6.689232753,4.029658285,14.29038053,44.51281767
311,513,0,0,0,0,0,0.089225965,0.089225965
312,107,0,0,0,0,0,0,0
313,551,0,0.001588436,0,0.001588487,0.038259206,0.139182263,0.180618392
314,233,0,0,0,0,0,0.02697963,0.02697963
315,281,0.045021385,0.315149696,2.419966621,0.075035642,0.075035642,0.570270879,3.500479865
316,312,0.824283658,0.296669881,0.030833269,0.945717361,0.380228137,0.558825721,3.036558027
317,131,0,0,0,0,0,0,0
318,155,0.007362957,0.011044435,0.011044435,0,0.011044435,0.025770349,0.066266613
319,327,1.744024458,2.445302445,0,0,0,0,4.189326903
320,584,0,0,0.213852097,0.006898455,0.034492274,1.181020789,1.436263614
321,207,0.447732139,0.110310817,0,0.090844202,0.058399844,0.389332295,1.096619298
322,199,0,0.004997501,0.024987506,0,0,0.009995002,0.03998001
323,109,0,0,0,0,0,0,0
324,456,0.496949937,0,0,0,0,0.002629365,0.499579302
325,441,0,0.004249533,0,0.008499065,0,0,0.012748598
326,71,0,0,0,0,0.024783147,0.037174721,0.061957869
327,342,0,0,0,0,0,0,0
328,37,0,0,0,0,0,0,0
329,486,0,0,0,0,0,0,0
330,163,0,0,0.048574006,0,0.29838318,0.006939144,0.353896329
331,487,0,0,0,0,0,0,0
332,256,4.390402075,6.021101475,11.30281212,2.002251051,1.701019079,0.905953408,26.32353921
333,476,0.004113618,0.057590654,0.008227236,0,0.006170427,0.01028468,0.086386615
334,265,0,0,0,0,0,0,0
335,96,0,0,0,0,0.17921147,0,0.17921147
336,544,0.028960923,0.376492005,0.081740859,0.161370407,0.13446143,0.18204009,0.965065715
337,204,0.072747622,0.027979855,0.06155568,0.252737995,0.011191942,0.171184023,0.597397116
338,563,1.285104577,0,0.087245632,0.099077634,0,0.026316419,1.497744262
339,76,0,0,0,0,0,0,0
340,619,25.5788712,0.012729124,1.804657969,0.328827183,0,3.321764998,31.04685047
341,190,0.689414434,0.03490706,0.061087355,0,0.078540885,0.05236059,0.916310324
342,49,0,0,0,0.007974482,0,0.526231861,0.534206343
343,380,0.040300913,0.013433638,0,0,0,0.026867276,0.080601827
344,110,0.005908187,0.003938791,0.013785769,0,0,0.013785769,0.037418516
345,581,0.012141079,0,0.015926103,0,0,0.348180265,0.376247448
346,368,0,0,0,0,0,0.003186743,0.003186743
347,275,0.425330813,0,0.472813239,0.047258979,0.047258979,0,0.99266201
348,401,0.220705677,0,0.004356033,0,0,0,0.22506171
349,182,0.053195026,0,0,0,0,0,0.053195026
350,198,0.022386389,0,0,0,0,0,0.022386389
351,504,1.208548268,0,0.073697398,0,0,0.007369197,1.289614863
352,412,0,0,0,0.005738881,0,0,0.005738881
353,552,0,0,0.07923822,0.002687666,0.041838745,0.053840149,0.17760478
354,358,0,0,0,0,0,0,0
355,426,0,0,0,0,0,0.067032686,0.067032686
356,438,0,0,0,0,0,0.005641908,0.005641908
357,557,0,0,0,0,0,0.006807815,0.006807815
358,612,1.992192216,2.584873402,4.069015678,1.394264166,0.442709381,4.861279625,15.34433447
359,541,0.01474187,0.007370935,1.071733939,0.128473966,0.051596545,0.041277236,1.315194489
360,400,0,0,0,0,0,0,0
361,158,0,0.009674923,0.019349845,0.019349845,0.058049536,0.019349845,0.125773994
362,128,0.205080709,0,0,0.003307753,0,0.01984652,0.228234983
363,352,0.061772882,0.020590961,0.01029548,0.01029548,0,0.133841244,0.236796047
364,84,0,0,0.011370097,0,0,0,0.011370097
365,123,0.032836101,0.018763486,0,0.009381743,0,0.028145229,0.08912656
366,530,0,0,0,0,0.015535187,1.392553969,1.408089157
367,304,0,0,0.325097529,0,0,0.028872528,0.353970057
368,119,0.005239443,0.005239443,0.007859164,0.010478885,0.005239443,0.026197213,0.060253589
369,287,1.938386985,0.011538018,0.196146302,0.080766124,0,0.576900888,2.803738318
370,508,0.001620063,0,0.003240126,0,0,0,0.004860189
371,75,0,0.17699115,0.017699115,0.03539823,0.053097345,0.03539823,0.318584071
372,593,0.016321201,1.29035958,0.545514657,0.131918555,1.077257889,0.036306426,3.097678309
373,52,0,0,0,0,0,0,0
374,362,0,0,0.006023008,0,0,0.054207071,0.060230079
375,189,0,0.007693491,0.1769503,0.430835513,0,0,0.615479305
376,148,0,0.598851518,0,0,0,0,0.598851518
377,100,0.002188136,0.008752544,0,0.022054121,0,0.006564408,0.039559208
378,573,0.004901961,0.004901961,0.696078431,0.014706603,0.245098039,1.095779221,2.061466216
379,3,5.088181934,3.962168959,3.089908161,4.959421508,3.819430488,3.338601219,24.25771227
380,255,1.583434836,16.022955,0.916950485,4.477997161,6,0.009850276,29.01118776
381,321,0,0,0.477216749,0.007697044,0.030788177,0,0.51570197
382,373,0,0.008248783,0,0.024777007,0,0,0.03302579
383,68,0.036205648,0.009051412,0,0.018137299,0.272232305,0.217233888,0.552860553
384,449,0,0,0,0,0,0.01027538,0.01027538
385,638,0,0,0,0,0,0,0
386,328,0.010729997,1.004648964,0.609610328,0.568159707,0.666238562,0.176224392,3.03561195
387,230,0.105226236,0.021045247,0.16837379,0.042090495,0.070150824,0.077165907,0.484052499
388,422,0,0.023758612,0,0,0,0,0.023758612
389,245,8.976038937,0,7.086614173,5.186747735,0,7.831267416,29.08066826
390,370,0.012007204,0,0,0,0,0,0.012007204
391,443,0,0,0,0,0,0.006230141,0.006230141
392,613,0,1.433994095,0.327050521,0.01753002,0.463939266,0.185474424,2.427988326
393,469,0,0.002129291,0,0,0,0,0.002129291
394,550,0.157748959,0.701308378,0.075922354,0.749536987,0.331125828,1.767103757,3.782746263
395,396,0,0.031845105,0.031845105,0,0,0.006369021,0.070059232
396,60,0,0,0.02806033,0.007040766,0.569259962,0.006995453,0.611356511
397,413,0,0,0.003433594,0,0,0,0.003433594
398,98,0,0,0,0,0.08650519,0.086430424,0.172935614
399,537,0.062924742,0.003146237,0.09444357,0.003146237,0.003146237,0.034608608,0.201415631
400,364,0,0,0,0,0,0,0
401,197,0.028985507,0,0,0,0,0,0.028985507
402,232,0,0,0.01317176,0,0.01317176,0,0.026343519
403,179,0,0.005054845,0,0,0,0.015164535,0.02021938
404,144,0,0,0.037439161,0,0,0,0.037439161
405,436,0.014473875,0,0,0,0,0,0.014473875
406,227,0.053342817,0,0.053342817,0.017780939,0,0.284495021,0.408961593
407,637,45.67307692,0,4.166666667,0.320512821,0,10.73717949,60.8974359
408,240,0,0,0,0,0,0,0
409,589,0.964789313,0.016492125,0.115980449,0.057722438,0.306278714,1.304895608,2.766158647
410,66,0,0,0.015737292,0,0,0.146881393,0.162618685
411,367,0,0,0,0,0,0,0
412,471,0,0,0,0,0,0,0
413,217,0.218555349,0.04371107,0.131133209,0.098349907,0.032783302,0.109277675,0.633810513
414,70,0,0,0,0,0,0,0
415,335,0.003250341,0.224281803,0.032521383,0,0.016251706,0.113761945,0.390067179
416,177,0.211347748,0.170703951,0.089416355,0.032515038,0.048772557,0.048772557,0.601528207
417,56,7.932928285,5.417738983,5.435475305,6.254990684,5.465752834,5.751061571,36.25794766
418,291,0,0,0,0,0,0.060648944,0.060648944
419,574,1.56660746,0.024866785,0.017761989,0.515097691,0.142095915,0.372407956,2.638837796
420,556,0,0,0,0.003634513,0.007269027,0.010924982,0.021828522
421,346,0.099667774,0,0,0,0,0,0.099667774
422,253,0.190025955,0.773430391,0,1.529798217,0.839506173,0.904646594,4.23740733
423,323,0,0,0.151253241,0,0.108038029,0,0.259291271
424,22,0,0,0,0.021477663,0,0,0.021477663
425,588,8.617283951,0,2.766063012,0,0.223797091,0.462203668,12.06934772
426,302,0.022237047,0,0.422550873,0.022237047,0.011120996,0.05564211,0.533788073
427,562,3.803708476,0,0,0,0,0,3.803708476
428,633,0.046849379,3.84537849,0.306420233,0.265999061,0.328053238,0.113256696,4.905957099
429,274,7.627916192,0.995591659,1.053338153,0.780819861,0.039625539,0.009906385,10.50719779
430,208,5.478431007,0.121121774,0.214292369,0.819901239,1.975216622,2.599459611,11.20842262
431,264,3.172205438,2.567975831,0.625695217,4.383072273,0.054929964,0.233452348,11.03733107
432,369,0,0,0,0,0,0,0
433,290,0,0,0.074471254,0,0.021811837,0.014541224,0.110824315
434,176,0.046791835,0.064338773,0.023395917,0.011697959,0.035093876,0,0.18131836
435,442,0.003712642,0.011137925,0,0,0,0,0.014850566
436,55,0,0,0,0,0,0,0
437,371,0,0.01092538,0,0,0,0,0.01092538
438,475,0,0,0,0,0,0,0
439,359,0.085616438,0,0,0,0,0,0.085616438
440,386,2.405848848,0,0,0.170111423,0,0.178525886,2.754486157
441,135,0,0,0,0,0,0,0
442,277,4.069329314,0,3.039750585,0.226073851,0,0,7.33515375
443,511,0,0,0,0,0,0.0824825,0.0824825
444,203,0,0.004226721,0.279554407,0.21999175,0,0.055543687,0.559316566
445,285,0,0,1.13072803,0.44105854,0.079349335,1.309264035,2.960399941
446,376,0,0,0.002215232,0.006648199,0.066456958,0.008860928,0.084181317
447,306,1.081843838,0.89491347,0.035295779,1.37963844,0.151810887,0.250052094,3.793554507
448,72,0,0,0,0,0,0.027495188,0.027495188
449,79,0,0.005106991,0,0,0,0.03574894,0.040855932
450,630,0,1.991281417,8.879546468,0.15663822,0.010763683,1.568469737,12.60669952
451,278,0.073728189,0,0.024820055,0.147456377,0.049152126,0,0.295156747
452,305,0.145389476,0.011183806,0.268065268,0.005591903,0.005591903,0.083878544,0.5197009
453,333,0.157466911,0.302256279,0.042665756,0.02554931,0.0340469,0.072349662,0.634334818
454,463,0.090359079,0,0.011785967,0.035357901,0.015714622,0.078573112,0.231790681
455,356,0.045787546,0,0,0,0,0,0.045787546
456,329,0.059012524,0.04589863,0.1114681,0.019672131,0,0.026227788,0.262279173
457,94,0,0,0,0,0,0,0
458,466,0,0,0,0,0,0,0
459,458,0,0,0,0.003592599,0,0,0.003592599
460,166,0,0.02218377,0,0,0,0,0.02218377
461,307,0,2.519394731,0.018615041,0.212510395,1.941747573,0,4.692267739
462,145,0,0,0.111886271,0,0,0,0.111886271
463,81,0,0,0,0,0.004727238,0,0.004727238
464,478,0.010112246,0,0,0,0,0,0.010112246
465,634,0,0,44.51612903,0,3.75,4.375,52.64112903
466,355,0,0,0,0,0,0.008161267,0.008161267
467,407,0,0,0,0,0,0,0
468,482,0.039425958,0.094622299,0,0,0,0,0.134048257
469,25,3.856560866,1.426887919,4.034476993,5.346853763,4.956508469,1.435321242,21.05660925
470,345,0.113979598,0.029599811,0.262153075,0.00569898,0,0.262153075,0.673584537
471,303,0.067548007,0.009649715,0.945672103,0.038598861,0.501785197,0.067548007,1.630801891
472,271,0.012888259,0,0.633161852,0.430303821,0.051553035,0,1.127906967
473,297,0,0,0.570057006,0.018520233,0.018518519,0.862868807,1.469964564
474,516,0,0,0.001499318,0,0,0,0.001499318
475,631,0.004716759,0.061317862,1.753039028,0.033018868,0,0.681652617,2.533745134
476,23,6.461648142,3.774021,5.62158583,5.271839989,6.147401403,7.487054322,34.76355069
477,92,0,0,0,0,1.785714286,0.357142857,2.142857143
478,590,0,2.365984684,0.769777357,0.173010381,1.723920976,20.75284091,25.78553431
479,454,0.228282705,0,0,0,0,0,0.228282705
480,120,0,0.006166939,0,0.009250409,0,0.00308347,0.018500817
481,289,0.015174507,0,0.007661661,0,0,0.007587253,0.030423421
482,219,0.186472283,0.203424309,0.194948296,0.11866418,0.135616206,0.203424309,1.042549585
483,244,2.507616592,0,0,0,0,0.459770115,2.967386707
484,360,0,0.006312733,0,0,0,0.050501862,0.056814595
485,403,0,0,0.042305314,0,0,0,0.042305314
486,398,0.002705994,0,0.102827763,0,0,0.064943851,0.170477608
487,607,0.338260664,1.821228236,0.200350614,1.262828318,0.405204628,5.217290933,9.245163393
488,448,0,0,0,0,0,0.048604361,0.048604361
489,192,0.303830911,0.066050198,0,0,0.079260238,0.039630119,0.488771466
490,388,0.314995441,0.002763118,0.038941893,0.298746923,0.01381559,0.035920533,0.705183497
491,440,0.011464603,0,0,0.002866151,0,0,0.014330754
492,322,0.111172874,0,0.038015586,0,0,0.018556318,0.167744779
493,418,0,0,0,0,0,0,0
494,567,0,0,0,0,0,0,0
495,433,0,0,0,0,0,0,0
496,9,2.711409396,1.601789709,1.369127517,8.924894817,0.733780761,3.666434193,19.00743639
497,193,0.305468634,0.037252272,0.238414543,0.029801818,0.208612725,0.119207272,0.938757264
498,213,0.048917696,0.012229424,0.513635808,0.623776908,0.134523664,0.48917696,1.822260459
499,88,0,0,0,0,0.05220569,0,0.05220569
500,519,0,0,0,0,0,0,0
501,228,0,0,0,0,0,1.76366843,1.76366843
502,575,4.681479918,0,0.582318687,0.153463513,0.411674671,0,5.828936789
503,138,0.016669445,0.008334722,0.008334722,0.008334722,0,0.208368061,0.250041674
504,526,0,0,0.006352937,0.001588234,0,0,0.007941172
505,44,0,0,0,0.049627792,0,0,0.049627792
506,319,0,0,0.106044539,0.063626723,0.19088017,0.148746281,0.509297713
507,617,0.828456835,2.58689097,0.12082767,3.431002539,0.219079865,0.305546851,7.491804728
508,5,2.145514318,3.469158232,2.067652911,0.995154033,2.141866112,0.380655766,11.20000137
509,547,3.05502952,1.03598084,0.440013367,2.11289015,2.445137574,0.225614172,9.314665623
510,417,0.010716104,0,0.064296622,0,0,0.01339513,0.088407855
511,250,0.813397129,3.141053868,7.140860035,5.785083173,6.125734174,4.402146571,27.40827495
512,605,0.187639732,2.610966057,0.454921423,0.016020506,0,0.194649217,3.464196935
513,174,0,0.055328096,0,0,0,0.022131238,0.077459334
514,237,0,0,0,0,0,0.546547641,0.546547641
515,296,0.0214832,0,2.450137552,0.408180803,0.193348801,0.004302371,3.077452726
516,483,0.005740858,0.022963431,0,0,0,0,0.028704288
517,377,0.017928644,0,0.029881073,0,0,0.011952429,0.059762147
518,392,0,0,0,0,0,0,0
519,51,2.161160852,0.105337079,0,0,0.015465512,0.069372182,2.351335624
520,17,2.244249112,3.272863288,2.824013465,2.067280586,8.440437368,3.796521414,22.64536523
521,73,0,0,0,0,0,0,0
522,114,0.000576784,0.021341024,0.003460707,0.003460707,0,0,0.028839221
523,639,0,0,0,0,0,0,0
524,502,0,0,0,0,0,0.008984726,0.008984726
525,201,0,0.52802957,0,0,0,0,0.52802957
526,288,2.55423373,0.198273851,0.373221367,0.117192078,0.046652671,0.606484721,3.896058418
527,284,1.566544068,0.143032284,0,0.19228128,0.040866367,3.187576624,5.130300623
528,195,0.006636581,0,0.006636581,0,0,0.019909743,0.033182904
529,152,0,0.547867567,0,0,0,0.009445993,0.55731356
530,611,0.047664442,5.919923737,4.527901139,0.114591291,1.154359855,0.372965642,12.13740611
531,301,0.058462438,0.058462438,3.217918623,0.097446891,0.038974959,1.013348923,4.484614272
532,553,0,0,0,0.003755775,0.048061721,0.761209857,0.813027352
533,635,4.105090312,0.105152471,0.17921147,7.173356106,0,2.134646962,13.69745732
534,467,0,0,0,0,0,0,0
535,514,0,0,0,0.003009419,0,0.015047097,0.018056517
536,598,0.777470629,4.518990851,0.089237908,1.973802261,0.621976503,20.37376328,28.35524144
537,624,4.922390876,15.16829247,4.357678229,2.009005888,1.500728925,3.248159376,31.20625576
538,85,0,0,0.014708045,0,0.014708045,0,0.029416091
539,252,1.445783133,2.052785924,1.683501684,2.540106952,2.874963094,1.719642209,12.31678299
540,434,0,0,0,0,0,0,0
541,42,0,0.009123255,0,0.036493021,0,0,0.045616276
542,518,0,0,0,0,0,0.10384216,0.10384216
543,170,0,0,0.004958104,0,0,0.04958104,0.054539144
544,559,0.002825577,0.011302308,0,0.011302308,0.016984657,0.076290582,0.118705434
545,384,0.003651501,0,0,0.018257504,0,0.025560505,0.04746951
546,464,0,0,0,0,0,0,0
547,571,0.020482942,0,0.034138237,0.011379412,0.015954052,0.578744715,0.660699359
548,517,0,0,0,0.007385706,0,0.004923804,0.01230951
549,234,0.105115627,0.005839757,0,0,0,0.005839757,0.116795141
550,594,0,0.162453041,0.680389286,0.195493364,0.589946662,0,1.628282353
551,424,0,0,0,0,0,0,0
552,506,0.318509615,0,0.006010338,0,0,0.036057692,0.360577645
553,167,0,0,0,0,0,0,0
554,334,0,0,0,0.005002001,0,0.260104042,0.265106042
555,95,0,0,0,0,0,0,0
556,597,0.066459903,0.074101519,0.190818274,0.406053894,0.332299513,0.699975863,1.769708965
557,378,0.430792283,0,0.337141787,0.168570893,0,0,0.936504963
558,99,0,0.006093969,0.012187938,0.012187938,0,0,0.030469845
559,310,0,10.12358664,0.194156805,0.014525383,0.047950132,0.226199188,10.60641815
560,423,0,0,0,0.004294149,0,0.002147075,0.006441224
561,229,0,0,0,0,0.077234987,0.02896312,0.106198108
562,257,1.129943503,0,1.554404145,1.751297257,4.688869413,1.126676602,10.25119092
563,565,0,0,0,0,0.002842686,0.05191509,0.054757776
564,212,0.117560617,0.117560617,0.073475386,0.029390154,0.022042616,0.389419544,0.749448935
565,604,6.753001625,1.731198809,0.036701096,2.319477507,4.832733432,2.995697668,18.66881014
566,640,0,0,0,0,0,0,0
567,59,2.948198323,3.792127033,1.526037316,2.743714654,16.66666667,1.921048248,29.59779224
568,336,0.011646867,0.877014073,0.116788321,0.046587468,0.023293734,0.034940601,1.110271064
569,61,0.130532811,0,0.138335096,0,0.015042118,0.011870375,0.295780401
570,86,0,0,0,0,0,0.017689722,0.017689722
571,58,6.919121085,6.080843585,5.745303733,9.965380811,0,3.742252368,32.45290158
572,185,0.246723207,0.231303007,0.0154202,0.038550501,0.023130301,0.131071704,0.686198921
573,54,0,0,0,0,0,0,0
574,397,0.026543975,0,0.008847992,0,0,0,0.035391966
575,47,0,0,0,0.019552253,0,0,0.019552253
576,80,0,0,0.005176251,0,0.005176251,0.031057508,0.041410011
577,33,0.26560425,0.129259087,0.307487742,0.698051274,0.74436499,0.588015181,2.732782523
578,512,0,0,0,0,0,0,0
579,450,0.008999685,0,0,0,0,0,0.008999685
580,415,2.567196928,0,0.010970927,0.060340099,0,0,2.638507954
581,286,0.065922921,0.045638945,2.265521121,0.300132262,0.030425963,0.872210953,3.579852166
582,314,0.030044208,0.615906262,0.192133816,0.045609539,0.165243143,0.712492221,1.761429188
583,295,1.032136993,0,3.155055125,0.838701835,0.140745954,0.046920821,5.213560728
584,625,10.16185338,2.146440592,2.21691678,0.92995793,0.06299393,2.067153952,17.58531656
585,582,0,0,0,0.017169347,0.126103405,0.732345248,0.875618
586,102,0,0,0,0,0,0,0
587,27,0,0,0.005367398,0.096623544,0.021540118,0,0.123531061
588,543,0,1.770806982,0.160540769,0.004216207,0,0.193945527,2.129509485
589,122,0,0,0,0,0,0.00429461,0.00429461
590,576,0.118147448,0.383979206,0.166270784,1.547731569,1.133676872,5.759722037,9.109527915
591,173,0,0,0.024148756,0,0,0.018111567,0.042260324
592,337,0.36015356,0.008940945,0.007915463,0.043535046,0.015830926,0.035619583,0.471995522
593,89,0,0,0.049883605,0,0,0,0.049883605
594,616,0.986883198,0.54200542,0.042955326,0.117708606,0.018968134,0.126617895,1.835138579
595,555,0.057046083,0,0,0.00356538,0.019609591,0.008948866,0.08916992
596,459,0,0,0,0,0,0,0
597,108,0,0,0,0,0,0.004433607,0.004433607
598,320,0,0,0,0.077150572,0.090392562,0.554123711,0.721666846
599,596,0.250085814,5.856255546,1.674826076,0.333911257,3.299442761,0.577200577,11.99172203
600,481,0.027628125,0.046967813,0.002762813,0,0,0.088410001,0.165768753
601,330,0,0.041657988,0,0,0,0.013885996,0.055543984
602,139,0,0,0,0,0.098425197,0,0.098425197
603,239,0,0,0,0,0.072586499,0,0.072586499
604,439,0,0,0,0,0,0.005858574,0.005858574
605,404,0.006980803,0,0.003490401,0,0.010471204,0,0.020942408
606,561,0.247754723,0,0,0,0,0,0.247754723
607,579,0,0.002164924,0.012989543,0,0,0.052162573,0.067317041
608,24,1.756781694,1.681676162,2.690533309,2.537169909,3.88374676,3.21221457,15.76212241
609,294,0,0,0.95587673,0.282939512,0.206469374,0.068981375,1.514266991
610,461,0,0,0,0,0,0,0
611,249,1.445881275,2.742395266,5.51425031,4.384141502,1.788246055,2.474626116,18.34954052
612,292,0,0,0,0,0.044365572,0,0.044365572
613,315,0.857444174,0.04585263,1.920221716,0.137557889,0.889541015,0.275115778,4.125733202
614,11,2.638674884,1.521571649,2.003853565,1.8329153,1.830090541,2.865657955,12.69276389
615,318,11.75369961,0,0.102266917,0,0,0.102058173,11.9580247
616,124,0,0,0,0,0,0,0
617,65,0,0.013164824,0.039494471,0,0,0.421274355,0.473933649
618,142,0.012312238,0,0.012312238,0.024624477,0.006156877,0.061561192,0.116967023
619,350,0,0,0,0,0,0.055819146,0.055819146
620,554,0.031850177,0.39422453,0.103507305,0.132583107,0.003189538,0.589995014,1.255349671
621,548,0.137749671,1.417151921,0.378533351,0.008647028,1.108258719,0.131639433,3.181980124
622,437,0,0,0,0,0,0,0
623,18,2.964875036,1.097655119,3.779585799,13.81343722,4.12289916,3.291263326,29.06971566
624,181,0.131949331,0,0,0,0,0,0.131949331
625,30,0,1.204819277,0,2.626299471,0,0.13986014,3.970978888
626,629,0,0,0.075671585,0,0.134811264,1.297236323,1.507719172
627,325,0.345733647,0,0.300343249,0,0.013829346,0.041580042,0.701486284
628,184,0.640374854,0,0,0.335806326,0,0.007809449,0.983990629
629,156,0.014525735,0,0.150099259,0,0.174308817,0.058102939,0.39703675
630,31,0.206971678,0.042747221,0,0,0,0.029726516,0.279445415
631,251,0.351229303,0.185669677,0.454029512,0.122850123,0.331414617,0.130929001,1.576122232
632,527,0,0.002254588,0,0,0,0.074401407,0.076655995
633,115,0.004733541,0.007889235,0,0,0,0.002366771,0.014989547
634,28,0,0,0,0.473305566,0.170745589,0.343824385,0.98787554
635,549,0,0.091894376,0.048212258,0.00958379,0.466228817,0.732446996,1.348366236
636,420,0,0.014962594,0,0,0,0,0.014962594
637,50,0,0,0,0.017804683,0,0,0.017804683
638,210,0,0.58891455,0.011547344,0,0,0,0.600461894
639,585,0,0,0.014281634,0.25651988,0,0,0.270801514
640,154,0.084043244,0.011460442,0.034381327,0.01528059,0.213928258,0.095503686,0.454597547
