,ASSET_change,ASSET,MSL_change,MSL,MSW_change,MSW,BF_change,BF,FC_change,FC,EMP_change,EMP,District,Asset_corr,MSL_corr,MSW_corr,BF_corr,FC_corr,EMP_corr,correct_prediction,Unnamed: 0,cloud_01,cloud_03,cloud_05,cloud_07,cloud_09,cloud_11,sum_cloud,wrong_prediction,cloud_cover,,
0,0,1,1,0,0,0,-1,0,0,0,0,0,1,0,0,1,0,1,1,3,104,1.134969325,0.593047035,1.433104719,3.660531697,0.778449247,1.095738794,8.695840817,3,3,,
1,1,1,0,0,0,0,-1,0,-1,0,0,0,2,1,1,1,0,0,1,4,310,9.042553191,7.559638943,2.901353965,6.689232753,4.029658285,14.29038053,44.51281767,2,4,,
2,1,1,0,1,0,0,0,0,0,1,0,0,3,1,0,1,1,0,1,4,379,5.088181934,3.962168959,3.089908161,4.959421508,3.819430488,3.338601219,24.25771227,2,4,,
3,0,0,0,0,1,0,1,-1,-1,0,0,0,4,1,1,0,0,0,1,3,72,4.269622345,2.118143812,2.624109528,2.444715101,2.805577656,2.378128164,16.64029661,3,4,,
4,0,1,1,0,0,0,0,0,0,0,-1,0,5,0,0,1,1,1,0,3,508,2.145514318,3.469158232,2.067652911,0.995154033,2.141866112,0.380655766,11.20000137,3,4,,
5,0,0,1,0,0,0,0,0,0,0,0,0,6,1,0,1,1,1,1,5,38,0.389063007,0.572787204,0.475521453,0.043229223,0.518862826,0.064843834,2.064307546,1,3,,
6,1,1,0,1,0,0,0,1,0,0,0,-1,7,1,0,1,0,1,0,3,184,0.089174246,0.267522739,0.035884094,0.14747903,0.046227811,0.285765315,0.872053236,3,1,0.0776309564,
7,1,0,0,0,1,0,-1,0,0,0,0,0,8,0,1,0,0,1,1,3,250,2.975014526,2.3474724,0.732132481,2.115787026,1.162115049,5.179181968,14.51170345,3,4,,
8,1,0,0,0,0,0,1,-1,0,0,0,0,10,0,1,1,0,1,1,4,274,0.676851673,0.309417908,0.5028041,0.038692204,0.135370335,2.958963283,4.622099501,2,3,0.0776309564,
9,1,1,0,0,0,0,1,0,-1,0,0,0,12,1,1,1,0,0,1,4,142,0.269905533,0.101214575,0.40526849,0.033738192,1.552480594,1.434350864,3.796958248,2,3,,
10,1,1,0,0,1,0,-1,0,0,0,0,-1,14,1,1,0,0,1,0,3,136,2.280516741,1.509359346,2.66076852,4.884370016,8.197701455,5.12145749,24.65417357,3,4,,
11,0,0,1,0,0,0,0,0,0,0,-1,0,16,1,0,1,1,1,0,4,167,1.215713855,0.371747212,0.3614209,1.184299571,2.293064877,1.276725099,6.702971515,2,3,,
12,1,1,1,0,0,0,0,0,0,0,-1,0,19,1,0,1,1,1,0,4,81,0.531914894,0.479595396,0.196815173,0.39817975,0.902024758,0.921699438,3.430229408,2,3,,
13,1,1,0,0,0,0,1,0,0,1,0,0,21,1,1,1,0,0,1,4,35,0,0,0,0.083655757,0.073855244,0.062676277,0.220187277,2,1,,
14,1,1,0,0,0,0,1,0,0,0,0,0,23,1,1,1,0,1,1,5,476,6.461648142,3.774021,5.62158583,5.271839989,6.147401403,7.487054322,34.76355069,1,4,,
15,1,1,0,0,0,0,1,1,0,0,1,0,24,1,1,1,1,1,0,5,608,1.756781694,1.681676162,2.690533309,2.537169909,3.88374676,3.21221457,15.76212241,1,4,,0.1416836065
16,1,1,0,0,0,0,1,1,0,0,0,0,25,1,1,1,1,1,1,6,469,3.856560866,1.426887919,4.034476993,5.346853763,4.956508469,1.435321242,21.05660925,0,4,,
17,1,1,0,0,0,0,1,0,0,0,0,0,26,1,1,1,0,1,1,5,239,2.709860669,2.067381317,6.03279444,7.143132048,6.499535747,4.785343177,29.2380474,1,4,,
18,1,0,0,0,0,1,1,1,0,0,0,0,27,0,1,0,1,1,1,4,587,0,0,0.005367398,0.096623544,0.021540118,0,0.123531061,2,1,,
19,1,0,0,0,0,0,1,0,0,0,0,0,28,0,1,1,0,1,1,4,634,0,0,0,0.473305566,0.170745589,0.343824385,0.98787554,2,1,,
20,1,1,0,0,0,1,1,-1,0,0,1,0,29,1,1,0,0,1,0,3,255,0,0,0,0,0.068936992,0.140331182,0.209268173,3,1,,
21,1,1,0,0,0,1,1,1,0,0,0,0,30,1,1,0,1,1,1,5,625,0,1.204819277,0,2.626299471,0,0.13986014,3.970978888,1,3,,
22,1,0,0,1,0,1,1,1,1,0,0,0,31,0,0,0,1,0,1,2,630,0.206971678,0.042747221,0,0,0,0.029726516,0.279445415,4,1,,
23,1,1,0,1,0,0,1,0,0,0,0,0,32,1,0,1,0,1,1,4,164,0.007614986,0.007614986,0,0.007614986,0.663564945,0.175144685,0.861554589,2,1,,
24,1,1,0,0,0,0,1,1,0,0,0,0,33,1,1,1,1,1,1,6,577,0.26560425,0.129259087,0.307487742,0.698051274,0.74436499,0.588015181,2.732782523,0,3,,
25,0,1,0,0,0,0,1,0,0,0,0,0,34,0,1,1,0,1,1,4,116,1.739872628,1.775983192,3.361565229,2.84954532,3.869204426,1.786948366,15.38311916,2,4,,
26,0,0,0,0,0,0,1,0,0,1,0,0,35,1,1,1,0,0,1,4,94,0,0,0,0.029202196,0,0.33862681,0.367829006,2,1,,
27,0,1,0,0,1,0,1,1,0,1,0,0,36,0,1,0,1,0,1,3,301,0,0,0,0,0,0.025614754,0.025614754,3,1,,
28,0,1,0,1,1,0,1,1,0,0,0,0,37,0,0,0,1,1,1,3,328,0,0,0,0,0,0,0,3,0,,
29,0,1,0,0,1,0,1,1,0,0,0,0,38,0,1,0,1,1,1,4,79,0,0,0,0,0,0,0,2,0,,
30,0,1,0,0,0,0,1,1,1,1,0,0,39,0,1,1,1,1,1,5,103,0.836751436,0,0,0,0,0.016450074,0.85320151,1,1,,
31,0,1,0,0,0,0,1,1,1,1,0,0,40,0,1,1,1,1,1,5,192,0.131233596,0.018747657,0,0,0,0.037495313,0.187476565,1,1,,
32,0,1,0,0,1,0,1,1,0,1,0,0,41,0,1,0,1,0,1,3,204,0.005973002,0.011946004,0,0.005973002,0,0,0.023892008,3,1,,
33,1,1,0,0,0,0,0,1,1,0,0,0,42,1,1,1,0,0,1,4,541,0,0.009123255,0,0.036493021,0,0,0.045616276,2,1,,
34,1,1,0,1,0,0,0,1,1,0,0,0,43,1,0,1,0,0,1,3,169,0,0.012368584,0,0.020614306,0,0,0.03298289,3,1,,
35,1,1,0,1,1,0,0,0,1,0,0,0,44,1,0,0,1,0,1,3,505,0,0,0,0.049627792,0,0,0.049627792,3,1,,
36,1,1,0,0,0,0,0,-1,0,1,0,0,45,1,1,1,0,0,1,4,177,0,0,0,0.088560886,0,0,0.088560886,2,1,,
37,1,1,0,0,1,0,0,0,0,0,0,0,46,1,1,0,1,1,1,5,132,0,0.012781186,0,0.006390593,0,0,0.019171779,1,1,,
38,1,1,0,0,0,0,0,1,0,0,0,0,47,1,1,1,0,1,1,5,575,0,0,0,0.019552253,0,0,0.019552253,1,1,,
39,0,1,0,0,1,0,1,1,0,1,0,0,48,0,1,0,1,0,1,3,68,0,0,0,0,0.012920731,0.006460366,0.019381097,3,1,,
40,0,1,0,0,0,0,1,1,1,0,0,0,49,0,1,1,1,0,1,4,342,0,0,0,0.007974482,0,0.526231861,0.534206343,2,1,,
41,0,1,0,0,0,0,1,0,0,1,0,0,51,0,1,1,0,0,1,3,519,2.161160852,0.105337079,0,0,0.015465512,0.069372182,2.351335624,3,3,,
42,1,1,0,0,0,0,0,1,1,1,0,0,53,1,1,1,0,1,1,5,199,0,0,0,0,0,0.011969597,0.011969597,1,1,,
43,0,1,0,0,0,0,0,0,0,0,0,0,55,0,1,1,1,1,1,5,436,0,0,0,0,0,0,0,1,0,,
44,1,1,1,0,0,0,0,0,0,0,0,0,56,1,0,1,1,1,1,5,417,7.932928285,5.417738983,5.435475305,6.254990684,5.465752834,5.751061571,36.25794766,1,4,,
45,1,1,1,1,0,0,1,0,0,0,1,0,57,1,1,1,0,1,0,4,146,6.343467543,6.379984363,12.01471941,15.0634893,12.53658537,6.718381668,59.05662765,2,4,,
46,1,1,1,1,0,0,1,0,0,0,0,0,58,1,1,1,0,1,1,5,571,6.919121085,6.080843585,5.745303733,9.965380811,0,3.742252368,32.45290158,1,4,,
47,1,1,1,1,0,0,1,0,0,0,0,0,59,1,1,1,0,1,1,5,567,2.948198323,3.792127033,1.526037316,2.743714654,16.66666667,1.921048248,29.59779224,1,4,,
48,0,1,0,0,0,0,1,-1,0,0,0,0,60,0,1,1,0,1,1,4,396,0,0,0.02806033,0.007040766,0.569259962,0.006995453,0.611356511,2,1,,
49,1,1,1,0,0,0,1,0,0,0,0,0,61,1,0,1,0,1,1,4,569,0.130532811,0,0.138335096,0,0.015042118,0.011870375,0.295780401,2,1,,
50,1,1,1,0,0,0,1,0,0,0,1,0,62,1,0,1,0,1,0,3,223,6.394812766,4.368327985,2.665245203,1.762956669,1.901565996,1.821157566,18.91406618,3,4,,
51,1,1,1,0,0,0,1,0,0,0,0,0,63,1,0,1,0,1,1,4,153,8.297892449,3.540851918,0,0,0,1.824024194,13.66276856,2,4,,
52,1,1,1,0,0,0,1,0,0,0,0,0,64,1,0,1,0,1,1,4,155,0.00697642,0,0,0.011259993,0,0.013952839,0.032189252,2,1,,
53,1,1,1,1,0,1,0,0,0,0,0,0,65,1,1,0,1,1,1,5,617,0,0.013164824,0.039494471,0,0,0.421274355,0.473933649,1,1,,
54,1,1,1,0,0,0,1,1,0,0,0,0,66,1,0,1,1,1,1,5,410,0,0,0.015737292,0,0,0.146881393,0.162618685,1,1,,
55,1,1,1,0,0,0,1,1,0,0,0,0,67,1,0,1,1,1,1,5,275,0,0,0,0,0.007912644,0.007912644,0.015825289,1,1,,
56,1,0,1,0,0,1,1,0,1,0,1,0,68,0,0,0,0,0,0,0,383,0.036205648,0.009051412,0,0.018137299,0.272232305,0.217233888,0.552860553,6,1,,
57,0,0,0,0,0,1,1,0,0,1,0,0,69,1,1,0,0,0,1,3,279,0,0,0,0,0,0,0,3,0,,
58,0,0,0,0,0,0,1,1,0,0,0,0,70,1,1,1,1,1,1,6,414,0,0,0,0,0,0,0,0,0,,
59,1,1,0,1,1,1,1,0,0,1,0,0,71,1,0,1,0,0,1,3,326,0,0,0,0,0.024783147,0.037174721,0.061957869,3,1,,
60,0,0,0,0,0,1,1,1,0,0,0,0,72,1,1,0,1,1,1,5,448,0,0,0,0,0,0.027495188,0.027495188,1,1,,
61,1,1,0,0,1,0,1,1,0,0,0,0,73,1,1,0,1,1,1,5,521,0,0,0,0,0,0,0,1,0,,
62,1,1,0,0,1,0,1,1,0,0,0,0,74,1,1,0,1,1,1,5,119,0,0,0,0,0,0,0,1,0,,
63,1,1,0,0,1,0,1,1,0,0,0,0,75,1,1,0,1,1,1,5,371,0,0.17699115,0.017699115,0.03539823,0.053097345,0.03539823,0.318584071,1,1,,
64,1,1,0,0,1,0,1,1,0,0,0,0,76,1,1,0,1,1,1,5,339,0,0,0,0,0,0,0,1,0,,
65,1,0,0,0,1,0,1,0,0,0,-1,0,77,0,1,0,0,1,0,2,237,0,0,0,0,0,0,0,4,0,,
66,1,1,0,1,1,0,0,1,0,0,-1,0,78,1,0,0,0,1,0,2,180,0,0,0,0.00902853,0,0,0.00902853,4,1,,
67,1,1,0,0,0,0,0,1,0,0,-1,0,79,1,1,1,0,1,0,4,449,0,0.005106991,0,0,0,0.03574894,0.040855932,2,1,,
68,1,1,0,0,0,0,0,1,0,0,-1,0,80,1,1,1,0,1,0,4,576,0,0,0.005176251,0,0.005176251,0.031057508,0.041410011,2,1,,
69,1,1,0,1,0,0,1,1,0,0,0,0,81,1,0,1,1,1,1,5,463,0,0,0,0,0.004727238,0,0.004727238,1,1,,
70,1,1,0,1,1,0,1,1,0,0,1,0,82,1,0,0,1,1,0,3,127,0,0,0,0.012656626,0.012656626,0,0.025313251,3,1,,
71,1,1,0,0,1,0,1,1,1,0,0,0,83,1,1,0,1,0,1,4,3,0,0,0,0,0.02257846,0,0.02257846,2,1,,
72,1,1,0,1,0,0,0,0,0,0,0,0,84,1,0,1,1,1,1,5,364,0,0,0.011370097,0,0,0,0.011370097,1,1,,
73,1,1,0,0,0,0,1,0,0,0,1,0,85,1,1,1,0,1,0,4,538,0,0,0.014708045,0,0.014708045,0,0.029416091,2,1,,
74,1,1,1,0,0,0,1,0,0,0,0,0,86,1,0,1,0,1,1,4,570,0,0,0,0,0,0.017689722,0.017689722,2,1,,
75,1,1,0,0,0,0,1,0,0,0,0,0,88,1,1,1,0,1,1,5,499,0,0,0,0,0.05220569,0,0.05220569,1,1,,
76,0,1,0,0,0,0,1,0,0,0,0,0,90,0,1,1,0,1,1,4,168,0,0,0,0,0.049309665,0,0.049309665,2,1,,
77,0,1,0,0,0,0,0,0,0,0,0,0,91,0,1,1,1,1,1,5,59,0,0,0,0,0,0,0,1,0,,
78,0,1,0,0,0,0,1,0,0,0,0,0,92,0,1,1,0,1,1,4,477,0,0,0,0,1.785714286,0.357142857,2.142857143,2,3,,
79,0,1,0,1,0,0,0,0,0,0,0,0,93,0,0,1,1,1,1,4,304,0,0,0,0,1.666666667,0,1.666666667,2,2,,
80,0,1,0,0,0,0,0,0,0,0,0,0,94,0,1,1,1,1,1,5,457,0,0,0,0,0,0,0,1,0,,
81,0,1,0,0,0,0,0,0,0,0,0,0,95,0,1,1,1,1,1,5,555,0,0,0,0,0,0,0,1,0,,
82,0,1,0,0,0,0,0,0,0,0,0,0,96,0,1,1,1,1,1,5,335,0,0,0,0,0.17921147,0,0.17921147,1,1,,
83,0,1,0,0,0,0,0,1,0,0,0,0,97,0,1,1,0,1,1,4,233,0,0,0,0,0,0,0,2,0,,
84,0,1,0,0,0,0,0,0,0,0,0,0,98,0,1,1,1,1,1,5,398,0,0,0,0,0.08650519,0.086430424,0.172935614,1,1,,
85,0,1,1,1,0,0,0,0,0,0,1,0,99,0,1,1,1,1,0,4,558,0,0.006093969,0.012187938,0.012187938,0,0,0.030469845,2,1,,
86,1,1,1,0,0,0,0,0,1,0,0,0,100,1,0,1,1,0,1,4,377,0.002188136,0.008752544,0,0.022054121,0,0.006564408,0.039559208,2,1,,
87,1,1,0,1,0,0,0,0,-1,0,1,0,101,1,0,1,1,0,0,3,91,0.002179029,0.015253203,0,0,0,0,0.017432232,3,1,,
88,1,1,0,1,0,0,1,0,0,0,0,0,102,1,0,1,0,1,1,4,586,0,0,0,0,0,0,0,2,0,,
89,1,1,1,0,0,0,1,1,0,0,0,-1,103,1,0,1,1,1,0,4,240,0,0,0,0.018551499,0,0,0.018551499,2,1,,
90,1,1,1,0,0,0,0,0,0,0,0,0,104,1,0,1,1,1,1,5,207,0,0,0.013285859,0,0.002657172,0.002657172,0.018600202,1,1,,
91,1,1,0,1,1,0,0,0,0,0,0,0,105,1,0,0,1,1,1,4,220,0,0,0.02629503,0,0,0,0.02629503,2,1,,
92,0,0,1,1,1,0,0,0,0,0,0,0,106,1,1,0,1,1,1,5,290,0,0,0,0,0,0,0,1,0,,
93,0,1,1,1,1,0,0,0,0,0,0,0,107,0,1,0,1,1,1,4,312,0,0,0,0,0,0,0,2,0,,
94,1,1,0,1,1,0,0,0,0,0,0,0,108,1,0,0,1,1,1,4,597,0,0,0,0,0,0.004433607,0.004433607,2,1,,
95,1,1,0,0,1,0,0,0,0,0,0,0,109,1,1,0,1,1,1,5,323,0,0,0,0,0,0,0,1,0,,
96,1,1,0,0,0,0,1,1,0,0,0,0,110,1,1,1,1,1,1,6,344,0.005908187,0.003938791,0.013785769,0,0,0.013785769,0.037418516,0,1,,
97,1,1,1,0,0,0,0,1,0,0,0,0,111,1,0,1,0,1,1,4,47,0,0,0,0,0,0.02007629,0.02007629,2,1,,
98,1,1,0,1,0,0,0,0,0,0,0,0,112,1,0,1,1,1,1,5,181,0.00753343,0,0.001255572,0.005022286,0,0.008789001,0.022600289,1,1,,
99,1,1,0,1,-1,0,0,0,0,0,0,0,113,1,0,0,1,1,1,4,86,0.00194475,0.000972375,0.000972375,0,0,0.000972375,0.004861874,2,1,,
100,0,0,1,0,0,0,0,0,0,0,0,0,114,1,0,1,1,1,1,5,522,0.000576784,0.021341024,0.003460707,0.003460707,0,0,0.028839221,1,1,,
101,0,0,0,0,0,0,0,0,0,0,0,0,115,1,1,1,1,1,1,6,633,0.004733541,0.007889235,0,0,0,0.002366771,0.014989547,0,1,,
102,0,1,1,1,0,0,0,0,0,0,0,0,116,0,1,1,1,1,1,5,83,0,0.002101282,0,0,0,0,0.002101282,1,1,,
103,1,1,0,0,0,0,0,0,0,0,0,0,117,1,1,1,1,1,1,6,252,0,0,0,0,0,0,0,0,0,,
104,1,1,1,0,0,0,0,0,0,0,0,0,118,1,0,1,1,1,1,5,121,0,0.003632269,0,0,0,0,0.003632269,1,1,,
105,1,1,1,1,0,1,0,0,0,0,1,0,119,1,1,0,1,1,0,4,368,0.005239443,0.005239443,0.007859164,0.010478885,0.005239443,0.026197213,0.060253589,2,1,,
106,1,1,0,0,1,0,0,0,0,0,0,0,120,1,1,0,1,1,1,5,480,0,0.006166939,0,0.009250409,0,0.00308347,0.018500817,1,1,,
107,1,1,0,0,0,0,0,0,0,0,0,0,121,1,1,1,1,1,1,6,56,0,0,0,0,0,0.004027386,0.004027386,0,1,,
108,1,1,1,0,0,0,0,0,0,0,0,0,122,1,0,1,1,1,1,5,589,0,0,0,0,0,0.00429461,0.00429461,1,1,,
109,1,1,1,0,0,0,0,0,0,0,1,0,123,1,0,1,1,1,0,4,365,0.032836101,0.018763486,0,0.009381743,0,0.028145229,0.08912656,2,1,,
110,0,0,1,1,0,0,0,0,0,0,-1,0,124,1,1,1,1,1,0,5,616,0,0,0,0,0,0,0,1,0,,
111,0,0,0,0,0,0,0,0,0,0,0,0,125,1,1,1,1,1,1,6,174,0,0,0,0,0,0,0,0,0,,
112,1,1,1,0,0,0,0,0,0,0,0,0,126,1,0,1,1,1,1,5,78,0.00295517,0,0,0,0,0.00295517,0.00591034,1,1,,
113,1,1,0,0,0,0,1,1,1,0,0,0,127,1,1,1,1,0,1,5,218,0,0.008178287,0.004089143,0,0.004089143,0.053158863,0.069515437,1,1,,
114,1,1,0,0,0,0,0,0,-1,0,0,0,128,1,1,1,1,0,1,5,362,0.205080709,0,0,0.003307753,0,0.01984652,0.228234983,1,1,,
115,1,1,1,0,0,0,0,0,0,0,0,0,129,1,0,1,1,1,1,5,224,0.018140919,0,0,0,0,0.007256367,0.025397286,1,1,,
116,0,0,0,0,0,0,0,0,0,0,0,0,130,1,1,1,1,1,1,6,139,0.003803438,0.001901719,0,0,0,0.001901719,0.007606877,0,1,,
117,1,1,0,1,0,0,1,1,0,0,0,0,132,1,0,1,1,1,1,5,73,0,0,0.017409471,0,0.350748995,0.023176314,0.39133478,1,1,,
118,1,1,0,0,0,0,1,1,0,0,0,0,133,1,1,1,1,1,1,6,101,0.032135397,0,0,0,0.048226342,0.058914895,0.139276634,0,1,,
119,1,1,0,1,0,1,1,0,-1,0,0,0,134,1,0,0,0,0,1,2,122,0.005024116,0,0,0.005025126,0.169677066,0.040192926,0.219919234,4,1,,
120,1,1,0,0,0,0,1,1,0,0,0,0,135,1,1,1,1,1,1,6,441,0,0,0,0,0,0,0,0,0,,
121,1,1,0,0,0,0,1,1,0,0,0,0,136,1,1,1,1,1,1,6,40,0,0,0,0,0,0,0,0,0,,
122,1,1,0,0,0,0,-1,1,0,0,0,0,137,1,1,1,0,1,1,5,265,0.019219681,0,0,0.115318086,0.009624639,0.269075533,0.413237939,1,1,,
123,1,1,1,0,0,0,1,1,1,0,0,0,138,1,0,1,1,0,1,4,503,0.016669445,0.008334722,0.008334722,0.008334722,0,0.208368061,0.250041674,2,1,,
124,1,1,0,1,0,0,1,0,0,0,0,0,139,1,0,1,0,1,1,4,602,0,0,0,0,0.098425197,0,0.098425197,2,1,,
125,1,1,1,0,0,0,1,1,0,0,0,0,140,1,0,1,1,1,1,5,111,0,0,0,0,0.044198895,0.011044842,0.055243737,1,1,,
126,1,1,1,0,1,0,1,1,0,0,0,0,141,1,0,0,1,1,1,4,140,0,0,0,0,0,0,0,2,0,,
127,1,1,0,0,0,0,0,0,0,0,0,0,142,1,1,1,1,1,1,6,618,0.012312238,0,0.012312238,0.024624477,0.006156877,0.061561192,0.116967023,0,1,,
128,1,1,1,0,0,0,0,0,0,0,0,0,143,1,0,1,1,1,1,5,102,0.005876822,0,0.211565585,0,0.023507287,0.005876822,0.246826516,1,1,,
129,1,1,1,0,0,0,0,0,0,0,0,0,144,1,0,1,1,1,1,5,404,0,0,0.037439161,0,0,0,0.037439161,1,1,,
130,1,1,0,0,0,0,0,0,0,0,0,0,145,1,1,1,1,1,1,6,462,0,0,0.111886271,0,0,0,0.111886271,0,1,,
131,1,1,1,0,0,0,0,1,1,0,0,0,146,1,0,1,0,0,1,3,14,0,0.022031284,0.077109495,0,0,0,0.09914078,3,1,,
132,1,1,1,0,0,0,0,0,0,0,0,0,147,1,0,1,1,1,1,5,17,0,0.212118417,0,0,0,0,0.212118417,1,1,,
133,1,1,0,0,0,0,0,0,0,0,0,0,148,1,1,1,1,1,1,6,376,0,0.598851518,0,0,0,0,0.598851518,0,1,,
134,0,0,0,0,0,0,0,0,0,0,0,0,149,1,1,1,1,1,1,6,228,0.008649023,0.808683619,0.004324511,0.008649023,0,0.017298045,0.847604221,0,1,,
135,1,0,0,0,0,0,1,1,0,0,0,0,150,0,1,1,1,1,1,5,15,0,0,0,0,0,0,0,1,0,,
136,1,1,0,0,0,0,0,1,-1,0,0,0,151,1,1,1,0,0,1,4,0,0,0,0,0,0,0,0,2,0,,
137,0,0,0,0,0,0,0,0,0,0,0,0,152,1,1,1,1,1,1,6,529,0,0.547867567,0,0,0,0.009445993,0.55731356,0,1,,
138,0,0,0,0,0,0,0,0,0,0,0,0,153,1,1,1,1,1,1,6,141,0.279369423,0.008552125,0.019954959,0.025656376,0.259414464,0.096924086,0.689871433,0,1,,
139,0,0,0,0,0,1,0,0,-1,0,0,0,154,1,1,0,1,0,1,4,640,0.084043244,0.011460442,0.034381327,0.01528059,0.213928258,0.095503686,0.454597547,2,1,,
140,0,0,0,0,0,1,0,0,0,0,0,0,155,1,1,0,1,1,1,5,318,0.007362957,0.011044435,0.011044435,0,0.011044435,0.025770349,0.066266613,1,1,,
141,0,0,0,0,0,0,0,0,0,0,0,0,156,1,1,1,1,1,1,6,629,0.014525735,0,0.150099259,0,0.174308817,0.058102939,0.39703675,0,1,,
142,1,1,0,1,0,0,1,0,0,1,0,0,157,1,0,1,0,0,1,3,160,0,0,0,0,0,0,0,3,0,,
143,0,0,0,0,0,0,0,0,0,0,0,0,158,1,1,1,1,1,1,6,361,0,0.009674923,0.019349845,0.019349845,0.058049536,0.019349845,0.125773994,0,1,,
144,1,1,0,0,0,0,0,0,0,0,0,0,159,1,1,1,1,1,1,6,61,0,1.408165333,0.010130686,0.010130686,0,0.050653429,1.479080134,0,2,,
145,0,1,0,0,0,0,0,0,0,0,0,0,160,0,1,1,1,1,1,5,128,0,0.14973262,0.010695187,0,0,0,0.160427807,1,1,,
146,1,1,1,0,0,0,0,0,0,0,0,0,161,1,0,1,1,1,1,5,291,0.009549274,0.410618793,0,0.009549274,0,0,0.429717341,1,1,,
147,0,1,0,0,0,0,0,0,-1,0,0,0,162,0,1,1,1,0,1,4,293,0,0.177363929,0,0,0,0,0.177363929,2,1,,
148,0,0,0,0,0,0,0,1,0,0,0,0,163,1,1,1,0,1,1,5,330,0,0,0.048574006,0,0.29838318,0.006939144,0.353896329,1,1,,
149,0,0,0,1,0,0,1,1,0,0,0,0,164,1,0,1,1,1,1,5,120,0.015496668,0,0.162715016,0,0.488145049,0.092980009,0.759336743,1,1,,
150,1,1,0,0,0,0,0,0,0,0,0,0,165,1,1,1,1,1,1,6,197,0,0.009785693,0.004892847,0,0.004892847,0,0.019571387,0,1,,
151,1,1,0,0,0,0,0,0,0,0,0,0,166,1,1,1,1,1,1,6,460,0,0.02218377,0,0,0,0,0.02218377,0,1,,
152,0,0,0,0,1,0,0,0,0,0,0,0,167,1,1,0,1,1,1,5,553,0,0,0,0,0,0,0,1,0,,
153,0,0,0,0,0,0,0,0,0,0,0,0,168,1,1,1,1,1,1,6,196,0,0,0.005265098,0.005265098,0,0.005265098,0.015795293,0,1,,
154,1,1,0,0,1,0,0,0,0,0,-1,0,169,1,1,0,1,1,0,4,90,0,0,0,0,0,0.031318509,0.031318509,2,1,,
155,0,0,0,0,0,0,0,0,-1,0,-1,0,170,1,1,1,1,0,0,4,543,0,0,0.004958104,0,0,0.04958104,0.054539144,2,1,,
156,0,0,0,0,0,0,0,0,0,0,0,0,171,1,1,1,1,1,1,6,194,0.007316359,0.021949078,0,0,0,0,0.029265438,0,1,,
157,0,0,0,0,0,0,0,0,0,0,0,0,172,1,1,1,1,1,1,6,186,0,0.010733645,0.053668223,0.005366822,0.010733645,0.032200934,0.112703268,0,1,,
158,1,1,0,0,0,0,0,0,0,0,0,0,173,1,1,1,1,1,1,6,591,0,0,0.024148756,0,0,0.018111567,0.042260324,0,1,,
159,0,0,0,0,0,0,0,0,-1,0,-1,0,174,1,1,1,1,0,0,4,513,0,0.055328096,0,0,0,0.022131238,0.077459334,2,1,,
160,1,0,0,0,1,0,0,0,0,0,0,0,175,0,1,0,1,1,1,4,273,0,0.08626267,0,0.008626267,0,0.034505068,0.129394005,2,1,,
161,0,0,0,0,0,0,0,0,0,0,0,0,176,1,1,1,1,1,1,6,434,0.046791835,0.064338773,0.023395917,0.011697959,0.035093876,0,0.18131836,0,1,,
162,1,1,0,0,0,0,0,0,-1,0,0,0,177,1,1,1,1,0,1,5,416,0.211347748,0.170703951,0.089416355,0.032515038,0.048772557,0.048772557,0.601528207,1,1,,
163,0,1,0,0,0,0,0,0,0,0,0,0,178,0,1,1,1,1,1,5,96,0.298449986,0.048137094,0.057764513,0.067391932,0.279195148,0.134783864,0.885722538,1,1,,
164,1,1,0,0,0,0,0,0,0,0,0,0,179,1,1,1,1,1,1,6,403,0,0.005054845,0,0,0,0.015164535,0.02021938,0,1,,
165,0,0,0,0,0,0,0,0,0,0,0,0,180,1,1,1,1,1,1,6,39,0.086650696,0.025485499,0.030582599,0.035679698,0.117233294,0.040776798,0.336408584,0,1,,
166,0,0,0,0,0,0,0,0,0,0,-1,0,181,1,1,1,1,1,0,5,624,0.131949331,0,0,0,0,0,0.131949331,1,1,,
167,0,0,0,0,0,0,0,0,-1,0,-1,0,182,1,1,1,1,0,0,4,349,0.053195026,0,0,0,0,0,0.053195026,2,1,,
168,0,0,0,0,0,0,0,0,0,0,0,0,183,1,1,1,1,1,1,6,53,0.043963291,0.032972468,0.016486234,0.005495411,0.038467879,0.005495411,0.142880695,0,1,,
169,0,1,0,0,0,0,0,0,0,0,-1,0,184,0,1,1,1,1,0,4,628,0.640374854,0,0,0.335806326,0,0.007809449,0.983990629,2,1,,
170,1,1,0,0,0,0,0,0,-1,0,0,0,185,1,1,1,1,0,1,5,572,0.246723207,0.231303007,0.0154202,0.038550501,0.023130301,0.131071704,0.686198921,1,1,,
171,1,1,0,0,0,0,0,0,0,0,0,0,186,1,1,1,1,1,1,6,36,0.180882148,0.013914011,0,1.586197301,0.069570057,0.013914011,1.864477529,0,2,,
172,0,0,0,0,0,0,0,0,0,-1,0,0,187,1,1,1,1,0,1,5,126,0,0.007638836,0.061110687,0.198609732,0.007638836,0,0.27499809,1,1,,
173,1,1,1,0,0,0,0,0,0,0,0,0,188,1,0,1,1,1,1,5,266,0.330994307,0.019859658,0,0.258175559,0.112538064,0.046339203,0.767906792,1,1,,
174,0,0,0,1,0,0,0,0,0,0,0,0,189,1,0,1,1,1,1,5,375,0,0.007693491,0.1769503,0.430835513,0,0,0.615479305,1,1,,
175,1,0,0,0,0,0,0,0,-1,0,0,0,190,0,1,1,1,0,1,4,341,0.689414434,0.03490706,0.061087355,0,0.078540885,0.05236059,0.916310324,2,1,,
176,1,1,0,0,0,1,0,0,0,0,0,0,191,1,1,0,1,1,1,5,294,0.193666579,0.041873855,0.020936928,0,0.157026956,0.020936928,0.434441246,1,1,,
177,1,0,1,0,0,0,0,0,0,0,0,0,192,0,0,1,1,1,1,4,489,0.303830911,0.066050198,0,0,0.079260238,0.039630119,0.488771466,2,1,,
178,1,0,0,0,0,0,0,0,0,0,0,0,193,0,1,1,1,1,1,5,497,0.305468634,0.037252272,0.238414543,0.029801818,0.208612725,0.119207272,0.938757264,1,1,,
179,1,1,0,0,0,0,0,0,0,0,0,0,194,1,1,1,1,1,1,6,117,0.005562663,0,0,0,0,0,0.005562663,0,1,,
180,1,1,0,0,0,0,0,0,0,0,0,0,195,1,1,1,1,1,1,6,528,0.006636581,0,0.006636581,0,0,0.019909743,0.033182904,0,1,,
181,1,1,0,0,0,0,0,0,0,0,0,0,196,1,1,1,1,1,1,6,245,0,0,0,0,0,0,0,0,0,,
182,0,1,0,0,0,0,1,0,1,0,0,0,197,0,1,1,0,0,1,3,401,0.028985507,0,0,0,0,0,0.028985507,3,1,,
183,1,1,-1,0,0,0,0,0,0,0,0,0,198,1,0,1,1,1,1,5,350,0.022386389,0,0,0,0,0,0.022386389,1,1,,
184,1,1,0,0,0,0,0,0,0,0,0,0,199,1,1,1,1,1,1,6,322,0,0.004997501,0.024987506,0,0,0.009995002,0.03998001,0,1,,
185,0,0,0,0,0,0,0,0,-1,0,0,0,200,1,1,1,1,0,1,5,88,0.340897697,0.04678988,0.053474149,0.02339494,0.02339494,0.110290431,0.598242037,1,1,,
186,1,1,0,0,0,0,0,0,0,0,0,0,201,1,1,1,1,1,1,6,525,0,0.52802957,0,0,0,0,0.52802957,0,1,,
187,0,0,0,0,0,0,0,0,0,0,-1,0,203,1,1,1,1,1,0,5,444,0,0.004226721,0.279554407,0.21999175,0,0.055543687,0.559316566,1,1,,
188,0,0,0,0,0,0,0,0,0,0,0,0,204,1,1,1,1,1,1,6,337,0.072747622,0.027979855,0.06155568,0.252737995,0.011191942,0.171184023,0.597397116,0,1,,
189,0,1,0,0,0,0,0,0,0,0,0,0,205,0,1,1,1,1,1,5,138,0.30816641,0,0.077041602,0.539291217,0,0,0.92449923,1,1,,
190,0,0,0,0,0,0,0,0,0,0,0,0,206,1,1,1,1,1,1,6,244,0.019118631,0,0.65378329,0.723813463,0.009559316,0.156739812,1.563014512,0,2,,
191,0,0,0,0,0,0,0,0,0,0,0,0,207,1,1,1,1,1,1,6,321,0.447732139,0.110310817,0,0.090844202,0.058399844,0.389332295,1.096619298,0,2,,
192,0,0,0,0,0,0,0,0,0,0,-1,0,208,1,1,1,1,1,0,5,430,5.478431007,0.121121774,0.214292369,0.819901239,1.975216622,2.599459611,11.20842262,1,4,,
193,0,0,0,0,0,1,0,0,0,0,0,0,209,1,1,0,1,1,1,5,60,1.503579952,0.007955449,0,0.079554495,0.167064439,0.039777247,1.797931583,1,2,,
194,0,0,0,0,0,0,0,0,0,0,0,0,210,1,1,1,1,1,1,6,638,0,0.58891455,0.011547344,0,0,0,0.600461894,0,1,,
195,0,0,0,0,0,0,0,0,0,0,-1,0,211,1,1,1,1,1,0,5,129,0.006914673,0.089890748,0,0,0,0.152122805,0.248928226,1,1,,
196,0,0,0,0,0,-1,0,0,0,0,-1,0,212,1,1,0,1,1,0,4,564,0.117560617,0.117560617,0.073475386,0.029390154,0.022042616,0.389419544,0.749448935,2,1,,
197,0,0,0,1,0,0,0,0,0,0,0,0,213,1,0,1,1,1,1,5,498,0.048917696,0.012229424,0.513635808,0.623776908,0.134523664,0.48917696,1.822260459,1,2,,
198,0,0,0,1,0,0,0,0,0,0,-1,0,214,1,0,1,1,1,0,4,292,0.862641009,0.132714001,0.96881221,0.318513603,0.451227605,0.95554081,3.689449237,2,3,,
199,0,0,0,0,0,0,0,0,0,0,0,0,215,1,1,1,1,1,1,6,80,0.029331248,0.19554165,0,0.029331248,0,0.048885413,0.303089558,0,1,,
200,0,0,0,0,0,0,0,0,0,0,0,-1,216,1,1,1,1,1,0,5,190,0.575923585,0.014046917,0.091304959,0.063211125,0.028093833,0.04214075,0.814721169,1,1,,
201,0,0,0,0,0,0,0,0,0,0,0,0,217,1,1,1,1,1,1,6,413,0.218555349,0.04371107,0.131133209,0.098349907,0.032783302,0.109277675,0.633810513,0,1,,
202,0,0,0,0,0,0,0,0,0,0,0,0,218,1,1,1,1,1,1,6,231,0.110820069,0,0.141043724,0.030223655,0.040298207,0.040298207,0.362683861,0,1,,
203,0,0,0,0,0,0,0,0,0,0,0,0,219,1,1,1,1,1,1,6,482,0.186472283,0.203424309,0.194948296,0.11866418,0.135616206,0.203424309,1.042549585,0,2,,
204,0,0,0,1,0,0,0,0,0,0,0,0,220,1,0,1,1,1,1,5,161,0.257328261,0.469903782,0.167841558,0.055940926,0.134258223,0.156634594,1.241907344,1,2,,
205,0,0,0,1,0,1,0,0,0,0,0,-1,221,1,0,0,1,1,0,3,51,0.108200015,1.70801453,0.023185718,0.046371435,0.007728573,0.108200015,2.001700286,3,3,,
206,0,0,0,0,0,0,0,0,0,0,0,0,222,1,1,1,1,1,1,6,298,0.301694129,0.069621722,0.777442562,0.174054305,0.069621722,0.34810861,1.740543049,0,2,,
207,0,0,0,0,0,0,0,0,0,0,0,-1,223,1,1,1,1,1,0,5,289,0.422705314,0.09057971,0.226449275,0.166062802,0.211352657,0.588768116,1.705917874,1,2,,
208,0,0,0,0,0,0,0,0,0,0,0,0,224,1,1,1,1,1,1,6,20,0.203738152,0.265745416,0.531490832,0.177163611,0.088581805,1.31112686,2.577846676,0,3,,
209,0,0,0,0,1,0,0,0,0,0,-1,0,225,1,1,0,1,1,0,4,84,0,0,0.014577259,0.051020408,0,0.743440233,0.809037901,2,1,,
210,0,0,0,0,1,0,0,0,0,0,0,-1,226,1,1,0,1,1,0,4,82,0.346347607,0.110201511,0.818639798,0.220403023,0.220403023,0.519521411,2.235516373,2,3,,
211,0,0,0,0,0,0,0,0,0,0,0,0,227,1,1,1,1,1,1,6,406,0.053342817,0,0.053342817,0.017780939,0,0.284495021,0.408961593,0,1,,
212,0,1,0,0,0,0,0,0,0,0,-1,-1,228,0,1,1,1,1,1,5,501,0,0,0,0,0,1.76366843,1.76366843,1,2,,
213,0,0,0,0,0,0,0,0,0,0,-1,0,229,1,1,1,1,1,0,5,561,0,0,0,0,0.077234987,0.02896312,0.106198108,1,1,,
214,1,1,0,0,0,1,1,0,0,0,0,0,230,1,1,0,0,1,1,4,387,0.105226236,0.021045247,0.16837379,0.042090495,0.070150824,0.077165907,0.484052499,2,1,,
215,0,0,0,0,0,0,0,0,0,0,0,0,231,1,1,1,1,1,1,6,203,0.009492169,0,0.037968676,0,0.142382534,0,0.189843379,0,1,,
216,0,0,0,0,0,0,0,0,0,0,0,0,232,1,1,1,1,1,1,6,402,0,0,0.01317176,0,0.01317176,0,0.026343519,0,1,,
217,0,0,0,0,0,0,0,0,0,0,0,0,233,1,1,1,1,1,1,6,314,0,0,0,0,0,0.02697963,0.02697963,0,1,,
218,1,1,0,0,0,0,0,0,0,0,0,0,234,1,1,1,1,1,1,6,549,0.105115627,0.005839757,0,0,0,0.005839757,0.116795141,0,1,,
219,0,0,0,0,0,0,0,0,0,0,0,0,235,1,1,1,1,1,1,6,25,0.096598358,0,0,0,0,0.006899883,0.103498241,0,1,,
220,0,0,0,0,0,0,0,0,0,0,-1,0,236,1,1,1,1,1,0,5,185,0,0,0,0.004555809,0,0.004555809,0.009111617,1,1,,
221,0,0,0,0,0,0,0,0,0,0,-1,0,237,1,1,1,1,1,0,5,514,0,0,0,0,0,0.546547641,0.546547641,1,1,,
222,0,0,0,0,1,0,0,0,0,0,-1,0,238,1,1,0,1,1,0,4,222,0,0,0,0.0074206,0,0.037102998,0.044523598,2,1,,
223,0,1,0,0,0,0,0,0,0,0,-1,0,239,0,1,1,1,1,0,4,603,0,0,0,0,0.072586499,0,0.072586499,2,1,,
224,1,1,1,0,1,0,1,1,0,0,1,0,241,1,0,0,1,1,0,3,24,14.67287303,18.62745098,5.40166205,1.065246338,14.57564576,9.830643782,64.17352193,3,4,,
225,1,1,0,0,0,0,1,1,0,-1,0,0,242,1,1,1,1,0,1,5,55,15.69242117,0,0,0,0,2.928786359,18.62120753,1,4,,
226,1,1,1,0,0,0,1,0,0,-1,0,0,243,1,0,1,0,0,1,3,12,9.872804361,0,0,0,0,0.499531689,10.37233605,3,4,,
227,0,1,0,0,0,0,0,0,0,-1,0,0,244,0,1,1,1,0,1,4,483,2.507616592,0,0,0,0,0.459770115,2.967386707,2,3,,
228,0,1,1,0,0,0,1,0,0,0,1,0,245,0,0,1,0,1,0,2,389,8.976038937,0,7.086614173,5.186747735,0,7.831267416,29.08066826,4,4,,
229,1,1,0,0,0,0,1,0,0,0,0,0,246,1,1,1,0,1,1,5,178,1.663096888,0,5.719861883,9.014710913,0,5.571737292,21.96940698,1,4,,
230,0,0,0,0,0,0,0,0,0,-1,0,0,247,1,1,1,1,0,1,5,133,4.83502725,0,69.44444444,0,0,46.35761589,120.6370876,1,4,,
231,1,1,0,1,0,0,1,0,0,0,0,0,248,1,0,1,0,1,1,4,189,0.454875074,6.90944041,2.258592471,1.079981218,0,0.082997392,10.78588656,2,4,,
232,0,0,0,0,0,0,-1,0,0,0,0,0,249,1,1,1,0,1,1,5,611,1.445881275,2.742395266,5.51425031,4.384141502,1.788246055,2.474626116,18.34954052,1,4,,
233,1,1,1,0,0,0,1,0,0,0,0,0,250,1,0,1,0,1,1,4,511,0.813397129,3.141053868,7.140860035,5.785083173,6.125734174,4.402146571,27.40827495,2,4,,
234,1,1,1,0,0,0,1,0,0,0,0,0,251,1,0,1,0,1,1,4,631,0.351229303,0.185669677,0.454029512,0.122850123,0.331414617,0.130929001,1.576122232,2,2,,
235,0,0,1,0,0,0,0,0,0,0,0,0,252,1,0,1,1,1,1,5,539,1.445783133,2.052785924,1.683501684,2.540106952,2.874963094,1.719642209,12.31678299,1,4,,
236,0,1,0,1,1,0,0,-1,0,0,0,0,253,0,0,0,0,1,1,2,422,0.190025955,0.773430391,0,1.529798217,0.839506173,0.904646594,4.23740733,4,3,,
237,0,1,1,1,0,0,0,0,0,0,0,0,254,0,1,1,1,1,1,5,246,0.1421231,0.549303323,1.768234923,0.06576784,3.902373609,0.03332963,6.461132424,1,3,,
238,0,1,-1,0,0,0,-1,1,0,0,-1,0,255,0,0,1,0,1,0,2,380,1.583434836,16.022955,0.916950485,4.477997161,6,0.009850276,29.01118776,4,4,,
239,1,1,0,1,0,0,0,0,0,0,0,0,257,1,0,1,1,1,1,5,562,1.129943503,0,1.554404145,1.751297257,4.688869413,1.126676602,10.25119092,1,4,,
240,0,1,1,0,-1,0,0,1,0,0,0,0,259,0,0,0,0,1,1,2,22,0.29924613,0.197125779,0,0.565259171,0.416719283,0.356052899,1.834403262,4,2,,
241,0,0,0,0,0,0,0,1,0,0,0,0,261,1,1,1,0,1,1,5,278,1.443001443,0.77294686,0.335976347,1.114729459,1.505276226,0.122354093,5.294284428,1,3,,
242,1,1,0,1,0,0,0,0,0,0,0,0,262,1,0,1,1,1,1,5,261,0.263815607,0.624392951,0.243448375,2.287077312,0.166666667,0.013875399,3.59927631,1,3,,
243,0,0,1,0,1,0,0,1,0,0,1,0,263,1,0,0,0,1,0,2,256,0.691857371,1.490154337,0.637898687,0.164624108,1.082135888,0.425758382,4.492428773,4,3,,
244,0,1,1,0,0,0,0,0,0,0,1,0,264,0,0,1,1,1,0,3,431,3.172205438,2.567975831,0.625695217,4.383072273,0.054929964,0.233452348,11.03733107,3,4,,
245,1,1,0,0,0,0,1,1,1,0,0,0,265,1,1,1,1,0,1,5,334,0,0,0,0,0,0,0,1,0,,
246,0,0,0,0,0,0,0,0,0,0,0,0,266,1,1,1,1,1,1,6,123,1.838074398,1.487964989,5.160263696,0.266370699,0.131291028,0.33916849,9.223133301,0,3,,
247,0,0,0,0,0,0,0,0,0,0,0,0,267,1,1,1,1,1,1,6,219,0.217214228,2.71559633,0.019153419,0.177869313,2.326002353,1.357588922,6.813424565,0,3,,
248,1,0,0,0,0,1,1,1,0,0,0,0,270,0,1,0,1,1,1,4,98,0.364132909,1.259292975,5.429312185,2.928235473,0,0.030344409,10.01131795,2,4,,
249,0,0,1,0,0,0,0,0,0,0,0,-1,272,1,0,1,1,1,0,4,263,0.174621653,0.012934937,0.974047199,1.196791305,0.071142155,0.097012029,2.526549279,2,3,,
250,0,0,1,0,0,0,0,0,0,0,0,0,273,1,0,1,1,1,1,5,23,3.001613771,0.048413125,0.402448702,1.899386769,0.710059172,0.043033889,6.104955428,1,3,,
251,0,0,0,0,0,0,0,0,0,0,0,0,274,1,1,1,1,1,1,6,429,7.627916192,0.995591659,1.053338153,0.780819861,0.039625539,0.009906385,10.50719779,0,4,,
252,1,1,1,0,0,0,0,1,0,0,1,0,275,1,0,1,0,1,0,3,347,0.425330813,0,0.472813239,0.047258979,0.047258979,0,0.99266201,3,1,,
253,1,1,0,0,0,1,0,0,0,0,0,0,276,1,1,0,1,1,1,5,124,0.063492063,0,0.032341527,0.285714286,1.015873016,0,1.397420892,1,2,,
254,1,1,0,0,-1,0,1,0,0,1,0,0,277,1,1,0,0,0,1,3,442,4.069329314,0,3.039750585,0.226073851,0,0,7.33515375,3,3,,
255,1,1,0,0,0,0,1,0,1,0,0,0,278,1,1,1,0,0,1,4,451,0.073728189,0,0.024820055,0.147456377,0.049152126,0,0.295156747,2,1,,
256,0,0,0,0,0,0,0,0,0,0,0,0,279,1,1,1,1,1,1,6,89,0.121500532,0,1.557516479,0.604508197,0.081000354,0.334126462,2.698652023,0,3,,
257,0,1,0,1,0,0,0,1,0,0,0,0,280,0,0,1,0,1,1,3,259,0.39905936,2.14494406,0.218950547,0.137621324,0.43468966,0.41331148,3.748576432,3,3,,
258,1,0,0,0,0,0,0,1,0,0,0,0,281,0,1,1,0,1,1,4,315,0.045021385,0.315149696,2.419966621,0.075035642,0.075035642,0.570270879,3.500479865,2,3,,
259,1,0,0,0,1,0,0,1,1,0,0,0,282,0,1,0,0,0,1,2,166,0.01682935,0,3.423485108,0,0.067317402,0.87512622,4.38275808,4,3,,
260,1,0,0,0,1,0,1,1,0,0,0,0,283,0,1,0,1,1,1,4,235,1.166127358,0.036632273,1.541579659,0.29985925,0.036632273,0.293058184,3.373888997,2,3,,
261,1,1,1,1,1,0,0,1,0,0,0,1,284,1,1,0,0,1,0,3,527,1.566544068,0.143032284,0,0.19228128,0.040866367,3.187576624,5.130300623,3,3,,
262,1,0,0,0,1,0,0,1,0,0,0,0,285,0,1,0,0,1,1,3,445,0,0,1.13072803,0.44105854,0.079349335,1.309264035,2.960399941,3,3,,
263,1,0,1,0,0,0,0,1,0,0,0,0,286,0,0,1,0,1,1,3,581,0.065922921,0.045638945,2.265521121,0.300132262,0.030425963,0.872210953,3.579852166,3,3,,
264,0,0,1,0,0,0,0,0,0,0,0,0,287,1,0,1,1,1,1,5,369,1.938386985,0.011538018,0.196146302,0.080766124,0,0.576900888,2.803738318,1,3,,
265,1,0,1,0,1,0,0,0,1,0,-1,0,288,0,0,0,1,0,0,1,526,2.55423373,0.198273851,0.373221367,0.117192078,0.046652671,0.606484721,3.896058418,5,3,,
266,1,1,1,0,1,0,0,0,0,0,0,0,289,1,0,0,1,1,1,4,481,0.015174507,0,0.007661661,0,0,0.007587253,0.030423421,2,1,,
267,0,1,1,0,0,0,0,1,0,0,0,0,290,0,0,1,0,1,1,3,433,0,0,0.074471254,0,0.021811837,0.014541224,0.110824315,3,1,,
268,0,0,1,0,0,0,0,1,0,0,0,0,291,1,0,1,0,1,1,4,418,0,0,0,0,0,0.060648944,0.060648944,2,1,,
269,0,0,1,1,0,0,0,0,0,0,0,0,292,1,1,1,1,1,1,6,612,0,0,0,0,0.044365572,0,0.044365572,0,1,,
270,0,0,1,0,0,0,0,0,0,0,-1,0,293,1,0,1,1,1,0,4,276,0.087271751,0,1.360866622,0.41655469,0.067132116,0.120837809,2.052662987,2,3,,
271,0,0,1,0,0,0,0,0,0,0,0,0,294,1,0,1,1,1,1,5,609,0,0,0.95587673,0.282939512,0.206469374,0.068981375,1.514266991,1,2,,
272,0,0,1,1,0,0,0,0,0,0,-1,0,295,1,1,1,1,1,0,5,583,1.032136993,0,3.155055125,0.838701835,0.140745954,0.046920821,5.213560728,1,3,,
273,0,0,1,0,0,0,0,0,0,0,0,0,296,1,0,1,1,1,1,5,515,0.0214832,0,2.450137552,0.408180803,0.193348801,0.004302371,3.077452726,1,3,,
274,0,0,1,0,0,0,0,0,0,0,0,0,297,1,0,1,1,1,1,5,473,0,0,0.570057006,0.018520233,0.018518519,0.862868807,1.469964564,1,2,,
275,1,1,0,0,0,0,1,1,0,0,0,0,298,1,1,1,1,1,1,6,43,0.032087277,0,1.996838339,0.328894593,0.072196374,0.024084778,2.454101363,0,3,,
276,0,0,0,0,0,0,0,0,0,0,0,0,299,1,1,1,1,1,1,6,295,0.082933476,0.124400213,1.512275761,0.319886263,0.456134115,0.201409869,2.697039697,0,3,,
277,0,0,0,0,1,0,0,0,0,0,0,0,300,1,1,0,1,1,1,5,243,0.014035088,0.05174453,0.148148148,0.106247344,0.044195639,0.162601626,0.526972375,1,1,,
278,0,0,0,0,0,0,-1,0,0,0,0,0,301,1,1,1,0,1,1,5,531,0.058462438,0.058462438,3.217918623,0.097446891,0.038974959,1.013348923,4.484614272,1,3,,
279,0,0,0,0,1,0,0,0,0,0,0,0,302,1,1,0,1,1,1,5,426,0.022237047,0,0.422550873,0.022237047,0.011120996,0.05564211,0.533788073,1,1,,
280,0,0,0,0,0,0,0,0,0,0,0,0,303,1,1,1,1,1,1,6,471,0.067548007,0.009649715,0.945672103,0.038598861,0.501785197,0.067548007,1.630801891,0,2,,
281,0,0,0,0,0,0,0,1,0,0,0,0,304,1,1,1,0,1,1,5,367,0,0,0.325097529,0,0,0.028872528,0.353970057,1,1,,
282,0,0,0,0,0,0,0,1,0,0,0,0,305,1,1,1,0,1,1,5,452,0.145389476,0.011183806,0.268065268,0.005591903,0.005591903,0.083878544,0.5197009,1,1,,
283,0,0,0,0,0,0,0,1,0,0,0,0,306,1,1,1,0,1,1,5,447,1.081843838,0.89491347,0.035295779,1.37963844,0.151810887,0.250052094,3.793554507,1,3,,
284,0,0,0,0,1,0,0,1,0,0,-1,0,307,1,1,0,0,1,0,3,461,0,2.519394731,0.018615041,0.212510395,1.941747573,0,4.692267739,3,3,,
285,0,0,0,0,0,0,0,1,0,0,0,0,308,1,1,1,0,1,1,5,66,0.145560408,0.304749005,0.12930177,0.018570102,0.234558249,0.025647602,0.858387136,1,1,,
286,1,1,1,0,0,0,0,1,0,0,0,0,309,1,0,1,0,1,1,4,215,0.081419017,0.013643495,0.213143872,0,0.030757401,0.168653678,0.507617464,2,1,,
287,1,1,1,0,0,0,0,1,0,0,0,0,310,1,0,1,0,1,1,4,559,0,10.12358664,0.194156805,0.014525383,0.047950132,0.226199188,10.60641815,2,4,,
288,1,1,1,1,0,0,0,1,0,0,0,0,311,1,1,1,0,1,1,5,57,0,1.667789757,0.021155067,0.019245574,0,6.808803301,8.516993699,1,3,,
289,1,1,0,0,1,0,0,1,0,0,0,0,312,1,1,0,0,1,1,4,316,0.824283658,0.296669881,0.030833269,0.945717361,0.380228137,0.558825721,3.036558027,2,3,,
290,0,0,0,0,0,0,0,0,0,0,0,0,313,1,1,1,1,1,1,6,210,0,0.370910054,0.021040819,1.111338379,0.37788385,0.006627344,1.887800447,0,2,,
291,0,1,0,0,0,1,0,0,0,0,-1,0,314,0,1,0,1,1,0,3,582,0.030044208,0.615906262,0.192133816,0.045609539,0.165243143,0.712492221,1.761429188,3,2,,
292,0,0,1,0,0,0,0,-1,0,0,0,0,315,1,0,1,0,1,1,4,613,0.857444174,0.04585263,1.920221716,0.137557889,0.889541015,0.275115778,4.125733202,2,3,,
293,0,0,0,0,0,0,0,0,0,0,0,0,316,1,1,1,1,1,1,6,9,0.250776212,0.005970862,3.465525554,0.005970862,0.286601385,0.035825173,4.050670049,0,3,,
294,0,0,0,1,0,0,0,0,0,0,0,0,317,1,0,1,1,1,1,5,191,7.421780257,0,0.024254184,0,0,0.036381276,7.482415717,1,3,,
295,0,0,0,0,0,0,0,0,0,1,0,0,318,1,1,1,1,0,1,5,615,11.75369961,0,0.102266917,0,0,0.102058173,11.9580247,1,4,,
296,0,1,0,1,1,1,-1,0,0,0,0,0,319,0,0,1,0,1,1,3,506,0,0,0.106044539,0.063626723,0.19088017,0.148746281,0.509297713,3,1,,
297,1,0,0,0,0,0,1,0,0,0,0,0,321,0,1,1,0,1,1,4,381,0,0,0.477216749,0.007697044,0.030788177,0,0.51570197,2,1,,
298,0,1,1,0,0,0,0,1,0,-1,0,0,323,0,0,1,0,0,1,2,423,0,0,0.151253241,0,0.108038029,0,0.259291271,4,1,,
299,0,0,0,0,0,0,-1,0,0,0,0,0,325,1,1,1,0,1,1,5,627,0.345733647,0,0.300343249,0,0.013829346,0.041580042,0.701486284,1,1,,
300,1,1,1,0,0,0,1,1,0,0,0,0,327,1,0,1,1,1,1,5,319,1.744024458,2.445302445,0,0,0,0,4.189326903,1,3,,
301,0,0,1,0,0,0,0,0,0,0,0,0,328,1,0,1,1,1,1,5,386,0.010729997,1.004648964,0.609610328,0.568159707,0.666238562,0.176224392,3.03561195,1,3,,
302,0,0,0,0,0,0,1,1,-1,0,0,0,329,1,1,1,1,0,1,5,456,0.059012524,0.04589863,0.1114681,0.019672131,0,0.026227788,0.262279173,1,1,,
303,0,0,0,0,0,0,0,0,0,0,-1,0,330,1,1,1,1,1,0,5,601,0,0.041657988,0,0,0,0.013885996,0.055543984,1,1,,
304,0,0,1,0,0,0,0,0,0,0,-1,0,331,1,0,1,1,1,0,4,205,0.020733983,0.031100974,0,0,0,0,0.051834957,2,1,,
305,0,0,0,0,0,0,0,0,0,0,0,0,332,1,1,1,1,1,1,6,152,0.181681494,0.050119033,0.037589275,0,0.012529758,0.144092219,0.426011778,0,1,,
306,0,0,0,0,0,0,0,0,0,0,0,0,333,1,1,1,1,1,1,6,453,0.157466911,0.302256279,0.042665756,0.02554931,0.0340469,0.072349662,0.634334818,0,1,,
307,0,0,1,0,0,-1,0,0,0,0,0,0,334,1,0,0,1,1,1,4,554,0,0,0,0.005002001,0,0.260104042,0.265106042,2,1,,
308,1,1,0,0,0,0,1,0,0,0,0,0,335,1,1,1,0,1,1,5,415,0.003250341,0.224281803,0.032521383,0,0.016251706,0.113761945,0.390067179,1,1,,
309,0,0,1,0,0,0,0,1,0,0,0,0,336,1,0,1,0,1,1,4,568,0.011646867,0.877014073,0.116788321,0.046587468,0.023293734,0.034940601,1.110271064,2,2,,
310,1,1,0,0,0,0,0,0,1,0,0,0,337,1,1,1,1,0,1,5,592,0.36015356,0.008940945,0.007915463,0.043535046,0.015830926,0.035619583,0.471995522,1,1,,
311,1,1,1,0,0,0,0,0,0,0,0,0,338,1,0,1,1,1,1,5,45,0,0.057049715,0.036515008,0.021891419,0.00729714,0.043782837,0.166536118,1,1,,
312,0,0,1,1,0,1,0,0,1,0,-1,0,339,1,1,0,1,0,0,3,229,0.013165257,0,0,0,0,0.039495771,0.052661028,3,1,,
313,0,0,0,0,1,0,0,0,0,0,0,0,340,1,1,0,1,1,1,5,170,0.007324934,0,0,0,0,0.003662467,0.010987401,1,1,,
314,1,1,1,0,0,0,0,1,0,0,0,0,341,1,0,1,0,1,1,4,296,0.301778907,0,0.857687421,0.047649301,0.0158831,0.0158831,1.23888183,2,2,,
315,1,1,0,0,0,0,0,0,0,0,0,0,342,1,1,1,1,1,1,6,327,0,0,0,0,0,0,0,0,0,,
316,0,0,1,0,0,1,1,0,0,0,0,0,343,1,0,0,0,1,1,3,48,0.96798213,0.004599604,0.020683379,0.004136676,0.041366758,0.008273352,1.047041898,3,2,,
317,0,0,1,0,0,0,1,0,0,0,0,0,344,1,0,1,0,1,1,4,76,0,0,0,0,0,0.076030707,0.076030707,2,1,,
318,0,0,0,0,1,0,0,0,0,0,-1,0,346,1,1,0,1,1,0,4,421,0.099667774,0,0,0,0,0,0.099667774,2,1,,
319,0,0,0,0,0,0,0,0,0,0,0,0,347,1,1,1,1,1,1,6,144,0,0,0,0,0,0,0,0,0,,
320,1,0,1,0,0,1,0,0,0,0,0,0,348,0,0,0,1,1,1,3,31,0,0,0,0,0,0.162176773,0.162176773,3,1,,
321,0,0,0,0,0,0,0,0,0,0,0,0,349,1,1,1,1,1,1,6,71,0,0,0,0,0,0.07703462,0.07703462,0,1,,
322,0,0,1,0,1,0,0,0,0,0,0,-1,350,1,0,0,1,1,0,3,619,0,0,0,0,0,0.055819146,0.055819146,3,1,,
323,0,0,0,0,1,0,0,0,0,0,0,0,351,1,1,0,1,1,1,5,74,0,0.010075567,0.130982368,0,0,0.755667506,0.896725441,1,1,,
324,0,0,0,0,0,0,0,0,1,0,0,0,352,1,1,1,1,0,1,5,363,0.061772882,0.020590961,0.01029548,0.01029548,0,0.133841244,0.236796047,1,1,,
325,0,1,0,0,0,0,0,0,0,0,0,0,353,0,1,1,1,1,1,5,211,0,0,0,0,0,0.074812968,0.074812968,1,1,,
326,1,0,1,0,0,0,0,0,0,0,0,1,354,0,0,1,1,1,0,3,182,0,0.171031534,0,0,0,1.079636558,1.250668092,3,2,,
327,1,0,0,0,0,0,0,0,0,0,1,0,355,0,1,1,1,1,0,4,466,0,0,0,0,0,0.008161267,0.008161267,2,1,,
328,0,0,0,0,0,0,0,0,0,0,0,0,356,1,1,1,1,1,1,6,455,0.045787546,0,0,0,0,0,0.045787546,0,1,,
329,1,0,1,1,1,0,1,1,1,0,0,0,357,0,1,0,1,0,1,3,2,0,0,0,0,0,0.019312476,0.019312476,3,1,,
330,0,0,0,0,1,0,0,0,0,0,0,-1,358,1,1,0,1,1,0,4,354,0,0,0,0,0,0,0,2,0,,
331,1,0,1,0,0,0,0,0,0,0,0,-1,360,0,0,1,1,1,0,3,484,0,0.006312733,0,0,0,0.050501862,0.056814595,3,1,,
332,0,0,0,0,1,0,0,0,0,0,-1,0,362,1,1,0,1,1,0,4,374,0,0,0.006023008,0,0,0.054207071,0.060230079,2,1,,
333,1,0,1,0,0,0,0,0,0,0,0,0,364,0,0,1,1,1,1,4,400,0,0,0,0,0,0,0,2,0,,
334,0,0,0,0,0,0,0,0,0,0,0,0,366,1,1,1,1,1,1,6,214,0,0,0,0,0,0,0,0,0,,
335,0,0,1,0,1,0,0,0,0,0,-1,0,368,1,0,0,1,1,0,3,346,0,0,0,0,0,0.003186743,0.003186743,3,1,,
336,0,0,1,0,0,0,0,0,0,0,0,0,370,1,0,1,1,1,1,5,390,0.012007204,0,0,0,0,0,0.012007204,1,1,,
337,1,1,0,0,1,0,0,0,0,0,1,0,371,1,1,0,1,1,0,4,437,0,0.01092538,0,0,0,0,0.01092538,2,1,,
338,0,0,1,1,0,0,0,0,0,0,1,0,372,1,1,1,1,1,0,5,93,0,0,0.006884208,0,0,0,0.006884208,1,1,,
339,0,0,0,0,0,0,0,0,0,0,0,0,373,1,1,1,1,1,1,6,382,0,0.008248783,0,0.024777007,0,0,0.03302579,0,1,,
340,0,0,1,0,0,0,0,0,0,0,0,0,374,1,0,1,1,1,1,5,283,0,0,0.002371973,0.002373436,0,0,0.004745409,1,1,,
341,0,0,0,0,1,0,0,0,0,0,0,0,375,1,1,0,1,1,1,5,187,0,0,0,0,0,0,0,1,0,,
342,0,0,0,0,1,0,0,0,0,0,0,0,376,1,1,0,1,1,1,5,446,0,0,0.002215232,0.006648199,0.066456958,0.008860928,0.084181317,1,1,,
343,0,0,1,0,0,0,0,0,0,0,0,0,377,1,0,1,1,1,1,5,517,0.017928644,0,0.029881073,0,0,0.011952429,0.059762147,1,1,,
344,0,0,1,1,0,0,0,0,0,0,0,0,378,1,1,1,1,1,1,6,557,0.430792283,0,0.337141787,0.168570893,0,0,0.936504963,0,1,,
345,0,0,1,0,0,0,0,0,0,0,0,0,379,1,0,1,1,1,1,5,272,1.128455896,0.009403799,0.21628738,0.11284559,0,0.009403799,1.476396464,1,2,,
346,1,1,1,0,0,0,0,0,1,0,0,0,380,1,0,1,1,0,1,4,343,0.040300913,0.013433638,0,0,0,0.026867276,0.080601827,2,1,,
347,1,1,0,0,1,0,0,0,1,0,0,0,381,1,1,0,1,0,1,4,99,0.390209294,0.005912262,0.366560246,0.011827321,0,0.017736786,0.792245909,2,1,,
348,0,0,1,0,1,0,0,0,0,0,0,0,382,1,0,0,1,1,1,4,13,0,0,0.706260032,0.152512442,0,0,0.858772474,2,1,,
349,0,0,1,0,0,0,0,0,0,0,0,0,383,1,0,1,1,1,1,5,208,0.192407696,0,0,0.317229185,0,0.041601664,0.551238545,1,1,,
350,0,0,1,0,0,0,0,0,0,0,0,0,384,1,0,1,1,1,1,5,545,0.003651501,0,0,0.018257504,0,0.025560505,0.04746951,1,1,,
351,0,0,1,0,1,0,0,0,0,0,0,0,385,1,0,0,1,1,1,4,280,0.150249414,0,0,0.144239437,0,0,0.294488851,2,1,,
352,0,0,0,0,0,0,0,0,1,0,0,0,386,1,1,1,1,0,1,5,440,2.405848848,0,0,0.170111423,0,0.178525886,2.754486157,1,3,,
353,0,0,1,0,0,0,0,0,0,0,0,0,387,1,0,1,1,1,1,5,6,5.560673862,0,0.296267035,0.065811122,0,0.572519084,6.495271103,1,3,,
354,0,0,1,0,0,0,0,0,0,0,0,0,388,1,0,1,1,1,1,5,490,0.314995441,0.002763118,0.038941893,0.298746923,0.01381559,0.035920533,0.705183497,1,1,,
355,0,0,1,0,0,0,0,0,0,0,0,0,389,1,0,1,1,1,1,5,64,0,0.005786702,0.441843802,2.179320147,0,0.491869683,3.118820335,1,3,,
356,0,0,0,0,0,0,0,0,0,0,0,0,390,1,1,1,1,1,1,6,212,0.087090313,0.00290301,0.278689,0.075493612,0,0.00290301,0.447078946,0,1,,
357,0,0,0,0,0,0,0,0,0,0,0,0,391,1,1,1,1,1,1,6,63,0.02987304,0,0,0,0,0,0.02987304,0,1,,
358,0,0,0,0,0,1,0,0,0,0,0,0,392,1,1,0,1,1,1,5,518,0,0,0,0,0,0,0,1,0,,
359,0,0,0,0,0,0,0,0,0,0,0,0,393,1,1,1,1,1,1,6,195,0,0,0.021278105,0,0,0,0.021278105,0,1,,
360,0,0,0,0,0,0,0,0,0,0,0,0,394,1,1,1,1,1,1,6,308,0,0,0,0,0,0,0,0,0,,
361,0,0,0,0,0,0,0,0,0,0,0,0,395,1,1,1,1,1,1,6,10,0,0,0.088841507,0,0,0,0.088841507,0,1,,
362,0,0,0,0,0,1,0,0,0,0,0,0,396,1,1,0,1,1,1,5,395,0,0.031845105,0.031845105,0,0,0.006369021,0.070059232,1,1,,
363,0,0,0,0,0,0,0,0,0,0,0,0,397,1,1,1,1,1,1,6,574,0.026543975,0,0.008847992,0,0,0,0.035391966,0,1,,
364,0,0,0,0,0,0,0,0,0,0,0,0,398,1,1,1,1,1,1,6,486,0.002705994,0,0.102827763,0,0,0.064943851,0.170477608,0,1,,
365,0,0,0,0,0,0,0,0,0,0,0,0,399,1,1,1,1,1,1,6,213,0,0,0,0.028401022,0,0.012171867,0.040572889,0,1,,
366,0,0,0,1,1,0,0,0,0,0,0,0,400,1,0,0,1,1,1,4,360,0,0,0,0,0,0,0,2,0,,
367,0,0,1,1,1,0,0,0,0,0,0,0,401,1,1,0,1,1,1,5,348,0.220705677,0,0.004356033,0,0,0,0.22506171,1,1,,
368,0,0,1,0,1,0,0,0,0,0,0,0,402,1,0,0,1,1,1,4,198,0.498358581,0,0,0,0,0,0.498358581,2,1,,
369,0,0,1,0,0,0,0,0,0,0,0,0,403,1,0,1,1,1,1,5,485,0,0,0.042305314,0,0,0,0.042305314,1,1,,
370,0,0,1,0,1,0,0,0,0,0,-1,0,404,1,0,0,1,1,0,3,605,0.006980803,0,0.003490401,0,0.010471204,0,0.020942408,3,1,,
371,0,0,1,0,0,0,0,0,0,0,0,0,405,1,0,1,1,1,1,5,62,0,0,0,0,0,0,0,1,0,,
372,0,0,1,0,0,0,0,0,0,0,0,0,406,1,0,1,1,1,1,5,165,0,0,0,0,0,0,0,1,0,,
373,0,0,1,0,0,0,0,0,0,0,0,0,407,1,0,1,1,1,1,5,467,0,0,0,0,0,0,0,1,0,,
374,0,0,1,1,0,0,0,0,0,0,0,0,408,1,1,1,1,1,1,6,105,0,0,0.031712169,0,0,0,0.031712169,0,1,,
375,1,1,1,0,0,0,0,0,0,0,0,0,409,1,0,1,1,1,1,5,114,0,0,0.037770463,0,0,0,0.037770463,1,1,,
376,1,1,1,0,0,0,0,0,0,0,-1,0,410,1,0,1,1,1,0,4,150,0,0,0,0,0,0,0,2,0,,
377,0,0,1,0,0,0,0,0,0,0,0,0,411,1,0,1,1,1,1,5,309,0,0,0,0,0,0,0,1,0,,
378,0,0,1,0,0,0,0,0,0,0,0,0,412,1,0,1,1,1,1,5,352,0,0,0,0.005738881,0,0,0.005738881,1,1,,
379,0,0,0,0,0,0,0,0,0,0,0,0,413,1,1,1,1,1,1,6,397,0,0,0.003433594,0,0,0,0.003433594,0,1,,
380,0,0,1,0,0,0,0,0,0,0,0,0,414,1,0,1,1,1,1,5,37,1.366448367,0,0,0,0,0,1.366448367,1,2,,
381,0,0,0,1,0,0,0,0,0,0,0,0,416,1,0,1,1,1,1,5,130,0.010630947,0,0,0,0,0.002657737,0.013288683,1,1,,
382,0,0,0,0,0,0,0,0,0,0,0,0,418,1,1,1,1,1,1,6,493,0,0,0,0,0,0,0,0,0,,
383,0,1,-1,0,1,0,0,0,0,0,0,0,419,0,0,0,1,1,1,3,107,0,0,0,0,0.004476677,0,0.004476677,3,1,,
384,0,0,-1,0,1,0,0,0,0,0,0,0,420,1,0,0,1,1,1,4,636,0,0.014962594,0,0,0,0,0.014962594,2,1,,
385,1,1,0,0,-1,0,1,1,0,0,0,0,421,1,1,0,1,1,1,5,286,0,0.042857755,0,0,0,0,0.042857755,1,1,,
386,1,1,0,0,0,0,0,0,0,0,0,0,422,1,1,1,1,1,1,6,388,0,0.023758612,0,0,0,0,0.023758612,0,1,,
387,0,0,0,0,1,0,0,0,0,0,0,0,423,1,1,0,1,1,1,5,560,0,0,0,0.004294149,0,0.002147075,0.006441224,1,1,,
388,0,0,0,0,1,0,0,0,0,0,0,0,424,1,1,0,1,1,1,5,551,0,0,0,0,0,0,0,1,0,,
389,0,0,0,1,1,0,0,0,0,0,0,0,425,1,0,0,1,1,1,4,306,0,0,0,0,0.002604641,0.020837132,0.023441773,2,1,,
390,0,0,0,0,1,1,0,0,0,0,0,0,426,1,1,1,1,1,1,6,355,0,0,0,0,0,0.067032686,0.067032686,0,1,,
391,0,0,0,1,1,0,0,0,0,0,1,0,427,1,0,0,1,1,0,3,230,0.037746742,0.019983569,0,0,0,0,0.057730311,3,1,,
392,0,0,0,0,1,0,0,0,0,0,0,0,428,1,1,0,1,1,1,5,159,0.263255699,0,0,0,0,0,0.263255699,1,1,,
393,0,0,0,0,1,0,0,0,0,0,0,0,429,1,1,0,1,1,1,5,30,0.030197796,0.00301978,0,0,0,0.006039559,0.039257134,1,1,,
394,0,0,0,0,1,0,0,0,0,0,-1,0,430,1,1,0,1,1,0,4,29,0.121872536,0.007168973,0,0,0,0,0.129041508,2,1,,
395,0,0,0,0,1,1,0,0,0,0,-1,0,431,1,1,1,1,1,0,5,156,0,0,0,0,0,0,0,1,0,,
396,0,1,0,0,-1,0,0,0,0,0,0,0,432,0,1,0,1,1,1,4,260,0,0,0,0,0,0,0,2,0,,
397,1,1,0,0,0,0,0,0,0,0,0,0,433,1,1,1,1,1,1,6,495,0,0,0,0,0,0,0,0,0,,
398,1,1,-1,0,0,0,0,0,0,0,0,0,434,1,0,1,1,1,1,5,540,0,0,0,0,0,0,0,1,0,,
399,0,1,0,0,0,0,0,1,0,0,0,0,435,0,1,1,0,1,1,4,158,0,0,0,0,0,0,0,2,0,,
400,0,0,0,0,0,0,0,0,0,0,0,0,436,1,1,1,1,1,1,6,405,0.014473875,0,0,0,0,0,0.014473875,0,1,,
401,1,1,0,0,0,0,0,0,0,0,0,0,437,1,1,1,1,1,1,6,622,0,0,0,0,0,0,0,0,0,,
402,0,1,0,0,0,0,0,0,-1,0,0,0,438,0,1,1,1,0,1,4,356,0,0,0,0,0,0.005641908,0.005641908,2,1,,
403,0,1,0,0,-1,0,1,1,0,1,0,0,439,0,1,0,1,0,1,3,604,0,0,0,0,0,0.005858574,0.005858574,3,1,,
404,0,1,0,0,0,1,0,0,0,0,0,0,440,0,1,0,1,1,1,4,491,0.011464603,0,0,0.002866151,0,0,0.014330754,2,1,,
405,0,0,1,0,0,0,0,0,-1,0,0,0,441,1,0,1,1,0,1,4,325,0,0.004249533,0,0.008499065,0,0,0.012748598,2,1,,
406,0,0,-1,0,0,0,0,0,0,0,0,0,442,1,0,1,1,1,1,5,435,0.003712642,0.011137925,0,0,0,0,0.014850566,1,1,,
407,0,0,0,0,0,0,0,0,-1,0,0,0,443,1,1,1,1,0,1,5,391,0,0,0,0,0,0.006230141,0.006230141,1,1,,
408,0,1,0,0,0,0,0,1,0,1,0,0,444,0,1,1,0,0,1,3,135,0,0,0,0,0,0.016770082,0.016770082,3,1,,
409,1,1,0,0,0,0,0,0,0,0,0,0,445,1,1,1,1,1,1,6,5,0,0,0,0,0,0,0,0,0,,
410,0,0,-1,0,0,0,0,0,0,0,0,0,446,1,0,1,1,1,1,5,33,0,0,0,0,0,0.01076745,0.01076745,1,1,,
411,0,0,-1,1,0,0,0,0,0,0,0,0,447,1,0,1,1,1,1,5,175,0,0,0,0,0,0.12613811,0.12613811,1,1,,
412,1,1,0,0,0,0,0,0,0,0,-1,0,448,1,1,1,1,1,0,5,488,0,0,0,0,0,0.048604361,0.048604361,1,1,,
413,1,1,0,0,0,0,1,1,0,0,0,0,449,1,1,1,1,1,1,6,384,0,0,0,0,0,0.01027538,0.01027538,0,1,,
414,0,0,0,1,0,0,0,0,0,0,0,0,450,1,0,1,1,1,1,5,579,0.008999685,0,0,0,0,0,0.008999685,1,1,,
415,0,1,0,0,-1,0,1,0,0,0,0,0,451,0,1,0,0,1,1,3,26,0.147743553,0,0,0,0,0,0.147743553,3,1,,
416,0,0,-1,0,0,0,0,0,0,0,0,0,452,1,0,1,1,1,1,5,54,0,0,0,0,0,0,0,1,0,,
417,0,0,0,1,1,0,0,1,0,0,0,0,453,1,0,0,0,1,1,3,11,0,0,0,0,0,0,0,3,0,,
418,0,0,0,1,1,0,0,0,0,0,0,0,454,1,0,0,1,1,1,4,479,0.228282705,0,0,0,0,0,0.228282705,2,1,,
419,0,0,0,0,-1,0,0,0,0,0,0,0,455,1,1,0,1,1,1,5,108,0.62873433,0,0,0,0,0.031241457,0.659975788,1,1,,
420,0,0,0,0,0,0,0,0,0,0,0,0,456,1,1,1,1,1,1,6,324,0.496949937,0,0,0,0,0.002629365,0.499579302,0,1,,
421,0,0,0,1,1,0,0,0,0,0,0,0,457,1,0,0,1,1,1,4,42,0,0,0,0,0,0.004996877,0.004996877,2,1,,
422,0,0,0,1,0,0,0,0,0,0,0,0,458,1,0,1,1,1,1,5,459,0,0,0,0.003592599,0,0,0.003592599,1,1,,
423,0,0,0,0,1,0,0,0,0,0,0,0,460,1,1,0,1,1,1,5,281,0,0.012034177,0,0,0,0,0.012034177,1,1,,
424,0,0,0,0,1,0,0,0,0,0,0,0,462,1,1,0,1,1,1,5,242,0,0,0,0,0,0,0,1,0,,
425,0,0,0,0,0,0,0,0,0,0,0,0,464,1,1,1,1,1,1,6,546,0,0,0,0,0,0,0,0,0,,
426,0,0,0,0,0,0,0,0,0,0,0,0,466,1,1,1,1,1,1,6,458,0,0,0,0,0,0,0,0,0,,
427,0,1,0,0,0,0,1,0,0,0,0,0,468,0,1,1,0,1,1,4,52,0.02760039,1.3691958,0.127178266,0.026518021,0.167767074,0.123931161,1.842190713,2,2,,
428,1,1,0,0,0,0,0,0,0,0,0,0,469,1,1,1,1,1,1,6,393,0,0.002129291,0,0,0,0,0.002129291,0,1,,
429,1,1,1,0,0,0,0,0,0,0,0,0,470,1,0,1,1,1,1,5,1,0,0,0,0,0,0,0,1,0,,
430,1,1,0,0,0,0,1,0,1,0,0,0,471,1,1,1,0,0,1,4,412,0,0,0,0,0,0,0,2,0,,
431,1,1,0,1,0,1,0,0,0,0,0,0,472,1,0,0,1,1,1,4,154,0,0,0,0,0,0,0,2,0,,
432,1,1,0,0,0,0,1,1,0,0,-1,0,473,1,1,1,1,1,0,5,163,0,0,0,0,0,0,0,1,0,,
433,0,1,0,0,0,0,0,1,0,0,0,0,474,0,1,1,0,1,1,4,109,0.048671553,0.085890976,0,0,0,0.05726065,0.191823179,2,1,,
434,1,1,0,0,0,0,0,0,-1,0,-1,0,475,1,1,1,1,0,0,4,438,0,0,0,0,0,0,0,2,0,,
435,1,1,0,0,0,0,0,1,0,0,0,0,476,1,1,1,0,1,1,5,333,0.004113618,0.057590654,0.008227236,0,0.006170427,0.01028468,0.086386615,1,1,,
436,1,1,0,0,0,0,1,0,1,1,0,0,477,1,1,1,0,1,1,5,149,0.103497803,0.585079419,0.086616668,0.010561,0.063366002,0.078151403,0.927272295,1,1,,
437,1,1,0,0,0,0,1,0,1,0,0,0,478,1,1,1,0,0,1,4,464,0.010112246,0,0,0,0,0,0.010112246,2,1,,
438,1,1,0,0,0,0,1,1,-1,0,0,0,479,1,1,1,1,0,1,5,201,0,0,0,0,0,0.014054419,0.014054419,1,1,,
439,1,1,0,0,0,0,1,0,0,0,0,0,480,1,1,1,0,1,1,5,112,0,0,0,0,0,0.002949591,0.002949591,1,1,,
440,1,1,0,0,0,0,1,0,1,0,-1,0,481,1,1,1,0,0,0,3,600,0.027628125,0.046967813,0.002762813,0,0,0.088410001,0.165768753,3,1,,
441,1,1,0,0,0,0,1,0,0,0,0,0,482,1,1,1,0,1,1,5,468,0.039425958,0.094622299,0,0,0,0,0.134048257,1,1,,
442,0,0,1,0,0,0,0,0,0,0,-1,0,483,1,0,1,1,1,0,4,516,0.005740858,0.022963431,0,0,0,0,0.028704288,2,1,,
443,0,0,1,1,1,0,0,0,0,0,0,0,484,1,1,0,1,1,1,5,202,0,0,0,0,0,0,0,1,0,,
444,0,0,1,0,0,0,0,0,0,0,0,0,485,1,0,1,1,1,1,5,241,0,0,0,0,0,0,0,1,0,,
445,1,1,0,0,0,0,0,1,0,0,0,0,486,1,1,1,0,1,1,5,329,0,0,0,0,0,0,0,1,0,,
446,0,0,1,0,0,0,0,0,0,0,0,0,487,1,0,1,1,1,1,5,331,0,0,0,0,0,0,0,1,0,,
447,1,1,0,0,0,0,1,0,1,0,0,0,488,1,1,1,0,0,1,4,226,0.008750438,0.087504375,0.008750438,0,0,0,0.10500525,2,1,,
448,0,0,0,0,0,0,0,0,0,0,0,0,489,1,1,1,1,1,1,6,125,0,0,0,0,0,0,0,0,0,,
449,1,1,0,1,0,0,1,1,0,0,0,0,490,1,0,1,1,1,1,5,44,0,0,0,0,0,0,0,1,0,,
450,1,1,0,0,0,0,1,1,0,0,1,0,491,1,1,1,1,1,0,5,267,0,0,0,0.007765784,0,0,0.007765784,1,1,,
451,1,1,0,0,0,0,0,0,0,0,0,0,492,1,1,1,1,1,1,6,238,0.037459196,0,0,0,0,0.005351314,0.04281051,0,1,,
452,1,1,0,0,0,0,1,0,0,0,0,0,494,1,1,1,0,1,1,5,227,0,0,0,0,0,0,0,1,0,,
453,0,1,0,0,0,0,1,0,0,0,0,0,495,0,1,1,0,1,1,4,200,0,0,0,0,0,0,0,2,0,,
454,1,1,0,0,0,0,1,0,1,1,1,0,496,1,1,1,0,1,0,4,172,0,0,0,0.047348485,0,0,0.047348485,2,1,,
455,0,0,0,0,0,0,0,0,0,0,0,0,497,1,1,1,1,1,1,6,4,0,0,0,0,0,0.007847754,0.007847754,0,1,,
456,1,1,0,0,0,0,0,0,0,0,0,0,498,1,1,1,1,1,1,6,303,0,0,0,0,0.006457237,0,0.006457237,0,1,,
457,1,1,0,0,0,0,0,1,1,0,0,0,499,1,1,1,0,0,1,4,305,0,0,0,0.019732039,0.001973204,0,0.021705243,2,1,,
458,1,1,1,0,0,1,0,0,0,0,0,0,500,1,0,0,1,1,1,4,115,0,0,0,0,0,0,0,2,0,,
459,1,1,1,0,0,0,0,1,0,0,0,0,501,1,0,1,0,1,1,4,307,0,0,0,0,0,0.03012826,0.03012826,2,1,,
460,1,1,1,0,0,0,0,1,0,0,0,0,502,1,0,1,0,1,1,4,524,0,0,0,0,0,0.008984726,0.008984726,2,1,,
461,1,1,1,1,0,0,1,1,0,0,0,0,503,1,1,1,1,1,1,6,137,0,0,0,0,0,0.075984955,0.075984955,0,1,,
462,1,1,0,0,0,0,1,1,0,0,0,0,504,1,1,1,1,1,1,6,351,1.208548268,0,0.073697398,0,0,0.007369197,1.289614863,0,2,,
463,1,1,0,0,0,0,1,1,0,0,0,0,505,1,1,1,1,1,1,6,193,4.520474264,0.004677159,0.004677159,0,0,0.025724375,4.555552957,0,3,,
464,1,0,1,1,0,0,1,1,0,0,0,0,506,0,1,1,1,1,1,5,552,0.318509615,0,0.006010338,0,0,0.036057692,0.360577645,1,1,,
465,0,0,1,0,1,0,1,0,0,0,0,0,507,1,0,0,0,1,1,3,147,0,0,0.063621326,0,0,0,0.063621326,3,1,,
466,0,0,0,1,1,0,0,0,0,0,0,0,508,1,0,0,1,1,1,4,370,0.001620063,0,0.003240126,0,0,0,0.004860189,2,1,,
467,1,1,1,0,1,0,0,1,0,0,0,0,509,1,0,0,0,1,1,3,183,0.068197318,0.018599268,0.018602344,0.002066585,0.004133171,0.010332927,0.121931613,3,1,,
468,0,0,0,0,0,0,0,0,0,0,0,0,510,1,1,1,1,1,1,6,131,0,0,0.015534383,0.001725983,0,0.081121199,0.098381564,0,1,,
469,1,1,1,0,0,0,0,0,0,0,0,0,511,1,0,1,1,1,1,5,443,0,0,0,0,0,0.0824825,0.0824825,1,1,,
470,1,1,0,0,0,0,0,0,0,0,0,0,512,1,1,1,1,1,1,6,578,0,0,0,0,0,0,0,0,0,,
471,1,1,1,0,0,0,0,0,0,0,0,0,513,1,0,1,1,1,1,5,311,0,0,0,0,0,0.089225965,0.089225965,1,1,,
472,1,1,1,0,-1,1,0,0,0,0,0,0,514,1,0,0,1,1,1,4,535,0,0,0,0.003009419,0,0.015047097,0.018056517,2,1,,
473,0,1,0,0,0,1,0,1,-1,0,0,0,515,0,1,0,0,0,1,2,58,0,0,0,0,0.006932249,0,0.006932249,4,1,,
474,0,1,1,0,0,0,0,1,0,0,-1,0,516,0,0,1,0,1,0,2,474,0,0,0.001499318,0,0,0,0.001499318,4,1,,
475,1,1,0,0,0,0,0,1,0,0,0,0,517,1,1,1,0,1,1,5,548,0,0,0,0.007385706,0,0.004923804,0.01230951,1,1,,
476,0,1,0,0,0,0,1,0,0,0,0,0,518,0,1,1,0,1,1,4,542,0,0,0,0,0,0.10384216,0.10384216,2,1,,
477,0,1,0,0,0,0,1,0,0,0,0,0,519,0,1,1,0,1,1,4,500,0,0,0,0,0,0,0,2,0,,
478,1,1,0,0,0,0,1,1,1,0,1,0,520,1,1,1,1,0,0,4,28,0.02305058,0,0,0.00329294,0,0.00658588,0.032929399,2,1,,
479,0,1,0,0,0,0,1,0,0,0,0,0,521,0,1,1,0,1,1,4,271,0,0,0,0,0.003011731,0,0.003011731,2,1,,
480,1,1,1,0,-1,0,0,1,0,0,0,0,522,1,0,0,0,1,1,3,21,0,0,0.005508883,0.001377221,0,0.001377638,0.008263742,3,1,,
481,1,1,1,0,0,0,0,0,0,0,0,0,523,1,0,1,1,1,1,5,145,0.012778192,0,0.012778192,0,0.006389096,0.044834433,0.076779913,1,1,,
482,1,1,0,0,0,0,0,0,0,0,0,0,524,1,1,1,1,1,1,6,46,0,0,0,0,0,0.339909591,0.339909591,0,1,,
483,1,1,0,0,0,0,0,0,0,0,0,0,525,1,1,1,1,1,1,6,284,0,0,0,0,0.003121683,0.02814787,0.031269553,0,1,,
484,1,1,0,0,0,0,0,1,0,0,0,0,526,1,1,1,0,1,1,5,504,0,0,0.006352937,0.001588234,0,0,0.007941172,1,1,,
485,1,1,0,0,0,0,1,1,1,0,0,0,527,1,1,1,1,0,1,5,632,0,0.002254588,0,0,0,0.074401407,0.076655995,1,1,,
486,1,1,0,0,1,0,1,1,0,0,0,0,528,1,1,0,1,1,1,5,27,0.002873646,0,0,0,0.011494583,0,0.014368229,1,1,,
487,1,1,0,0,0,0,1,0,0,0,0,0,529,1,1,1,0,1,1,5,188,0,0,0,0.032978423,0,1.490004772,1.522983195,1,2,,
488,1,1,0,0,0,0,1,0,0,0,0,0,530,1,1,1,0,1,1,5,366,0,0,0,0,0.015535187,1.392553969,1.408089157,1,2,,
489,1,1,0,0,0,0,1,0,1,0,0,0,531,1,1,1,0,0,1,4,225,0,0,0,0,0,0.019429333,0.019429333,2,1,,
490,1,1,1,0,1,0,0,0,0,0,0,0,532,1,0,0,1,1,1,4,254,1.078384033,0,0.266315481,0.014632291,0,0.002926415,1.362258221,2,2,,
491,1,1,0,0,0,0,0,0,0,0,0,0,533,1,1,1,1,1,1,6,69,0.181834441,0,0,0,0,0.065595277,0.247429718,0,1,,
492,1,1,0,0,1,0,0,1,0,0,0,0,534,1,1,0,0,1,1,4,173,0.011892728,0,0.011893199,0.001982121,0,0.001982121,0.027750169,2,1,,
493,1,1,1,0,0,0,0,0,0,0,0,0,535,1,0,1,1,1,1,5,16,0.004846722,0,0.375866919,0,0.002423361,0.007270084,0.390407086,1,1,,
494,0,1,0,1,0,0,0,0,0,0,0,0,536,0,0,1,1,1,1,4,216,0,0.133333333,0.8,0.266666667,0,0.533333333,1.733333333,2,2,,
495,1,1,0,0,0,0,1,1,0,0,0,0,537,1,1,1,1,1,1,6,399,0.062924742,0.003146237,0.09444357,0.003146237,0.003146237,0.034608608,0.201415631,0,1,,
496,1,1,1,0,0,0,0,0,0,0,0,0,538,1,0,1,1,1,1,5,67,0,0,0.010517459,0,0.038924642,0.062251157,0.111693258,1,1,,
497,1,1,1,0,0,0,0,0,0,0,0,0,539,1,0,1,1,1,1,5,257,0,0,0.006815703,0,0.003373648,0.128211617,0.138400968,1,1,,
498,1,1,1,0,0,0,0,0,0,0,0,0,540,1,0,1,1,1,1,5,234,0,0,0.140431272,0,0.001846586,0.009232928,0.151510786,1,1,,
499,1,1,1,0,1,0,1,1,0,0,0,0,541,1,0,0,1,1,1,4,359,0.01474187,0.007370935,1.071733939,0.128473966,0.051596545,0.041277236,1.315194489,2,2,,
500,1,1,1,0,1,0,0,0,0,0,0,0,542,1,0,0,1,1,1,4,18,0,0.730607224,0.257371031,0.373162458,0.003727588,0.380242311,1.745110611,2,2,,
501,1,1,1,1,1,0,0,0,0,0,0,0,543,1,1,0,1,1,1,5,588,0,1.770806982,0.160540769,0.004216207,0,0.193945527,2.129509485,1,3,,
502,1,1,1,1,1,0,1,0,1,0,0,0,544,1,1,0,0,0,1,3,336,0.028960923,0.376492005,0.081740859,0.161370407,0.13446143,0.18204009,0.965065715,3,1,,
503,1,1,1,1,1,0,1,-1,0,0,0,0,545,1,1,0,0,1,1,4,87,0.186207501,0.981423063,2.274903655,2.012285066,0.394629511,0.700068032,6.549516829,2,3,,
504,1,1,1,0,0,0,1,0,0,0,0,0,546,1,0,1,0,1,1,4,297,2.780584903,0.983004134,0.012249273,1.518590748,1.463788088,0.012249273,6.770466418,2,3,,
505,1,1,0,1,0,0,1,1,1,1,0,0,547,1,0,1,1,1,1,5,509,3.05502952,1.03598084,0.440013367,2.11289015,2.445137574,0.225614172,9.314665623,1,3,,
506,1,1,1,0,1,0,1,0,1,0,0,0,548,1,0,0,0,0,1,2,621,0.137749671,1.417151921,0.378533351,0.008647028,1.108258719,0.131639433,3.181980124,4,3,,
507,1,1,1,0,1,0,0,0,0,0,0,0,549,1,0,0,1,1,1,4,635,0,0.091894376,0.048212258,0.00958379,0.466228817,0.732446996,1.348366236,2,2,,
508,1,1,1,0,0,0,0,0,0,0,0,0,550,1,0,1,1,1,1,5,394,0.157748959,0.701308378,0.075922354,0.749536987,0.331125828,1.767103757,3.782746263,1,3,,
509,1,1,0,0,0,0,0,1,0,0,0,0,551,1,1,1,0,1,1,5,313,0,0.001588436,0,0.001588487,0.038259206,0.139182263,0.180618392,1,1,,
510,1,1,1,0,0,0,0,0,0,0,0,0,552,1,0,1,1,1,1,5,353,0,0,0.07923822,0.002687666,0.041838745,0.053840149,0.17760478,1,1,,
511,1,1,0,0,0,0,0,0,0,0,0,0,553,1,1,1,1,1,1,6,532,0,0,0,0.003755775,0.048061721,0.761209857,0.813027352,0,1,,
512,1,1,1,1,0,0,0,0,0,0,0,0,554,1,1,1,1,1,1,6,620,0.031850177,0.39422453,0.103507305,0.132583107,0.003189538,0.589995014,1.255349671,0,2,,
513,1,1,0,0,0,0,0,0,0,0,0,0,555,1,1,1,1,1,1,6,595,0.057046083,0,0,0.00356538,0.019609591,0.008948866,0.08916992,0,1,,
514,1,1,1,0,0,0,0,0,0,0,0,0,556,1,0,1,1,1,1,5,420,0,0,0,0.003634513,0.007269027,0.010924982,0.021828522,1,1,,
515,1,1,1,0,1,0,0,0,0,0,1,0,557,1,0,0,1,1,0,3,357,0,0,0,0,0,0.006807815,0.006807815,3,1,,
516,1,1,0,0,0,0,0,0,0,0,0,0,558,1,1,1,1,1,1,6,251,0,0,0,0,0,0.310314685,0.310314685,0,1,,
517,1,1,1,0,0,0,0,0,0,0,0,0,559,1,0,1,1,1,1,5,544,0.002825577,0.011302308,0,0.011302308,0.016984657,0.076290582,0.118705434,1,1,,
518,1,1,1,0,0,0,0,0,0,0,0,0,560,1,0,1,1,1,1,5,253,0,0,0,0,0,0.004298857,0.004298857,1,1,,
519,1,1,0,0,0,0,0,0,0,0,0,0,561,1,1,1,1,1,1,6,606,0.247754723,0,0,0,0,0,0.247754723,0,1,,
520,1,1,0,0,0,0,1,1,0,0,0,0,562,1,1,1,1,1,1,6,427,3.803708476,0,0,0,0,0,3.803708476,0,3,,
521,1,1,0,1,0,0,1,-1,0,0,0,0,563,1,0,1,0,1,1,4,338,1.285104577,0,0.087245632,0.099077634,0,0.026316419,1.497744262,2,2,,
522,1,0,0,0,0,0,0,0,0,0,0,0,564,0,1,1,1,1,1,5,49,0.275151333,0,0,0,0,0.171982489,0.447133822,1,1,,
523,1,1,0,0,0,0,0,0,0,0,0,0,565,1,1,1,1,1,1,6,563,0,0,0,0,0.002842686,0.05191509,0.054757776,0,1,,
524,1,1,0,0,0,0,0,0,0,0,0,0,566,1,1,1,1,1,1,6,236,0.142559804,0,0,0.005702392,0,0.168788866,0.317051062,0,1,,
525,1,1,0,0,0,0,0,1,0,0,0,0,567,1,1,1,0,1,1,5,494,0,0,0,0,0,0,0,1,0,,
526,1,1,0,0,0,0,0,0,0,0,0,0,568,1,1,1,1,1,1,6,171,0.142763327,0.002855267,0.031463631,0.034312184,0,0.219558509,0.430952917,0,1,,
527,1,1,1,0,0,0,1,0,0,0,0,0,569,1,0,1,0,1,1,4,85,0.312519532,0.150009376,0.152043079,0.366960235,0.012500781,0.070050309,1.064083312,2,2,,
528,1,1,0,0,0,0,0,0,0,0,1,0,570,1,1,1,1,1,0,5,100,0.117300087,0.020108586,0.144111536,0.107245794,0,0.095190953,0.483956956,1,1,,
529,1,1,0,0,0,0,0,0,0,0,0,0,571,1,1,1,1,1,1,6,547,0.020482942,0,0.034138237,0.011379412,0.015954052,0.578744715,0.660699359,0,1,,
530,0,0,0,0,0,0,0,0,0,0,0,0,572,1,1,1,1,1,1,6,92,0.033259424,0,0.044345898,0.055432373,0.144124169,0.606946162,0.884108024,0,1,,
531,1,1,0,0,0,0,0,0,0,0,0,0,573,1,1,1,1,1,1,6,378,0.004901961,0.004901961,0.696078431,0.014706603,0.245098039,1.095779221,2.061466216,0,3,,
532,1,0,0,0,0,0,0,0,0,0,0,0,574,0,1,1,1,1,1,5,419,1.56660746,0.024866785,0.017761989,0.515097691,0.142095915,0.372407956,2.638837796,1,3,,
533,1,1,1,0,0,0,0,1,0,0,0,0,575,1,0,1,0,1,1,4,502,4.681479918,0,0.582318687,0.153463513,0.411674671,0,5.828936789,2,3,,
534,1,1,1,0,0,0,1,1,0,0,0,0,576,1,0,1,1,1,1,5,590,0.118147448,0.383979206,0.166270784,1.547731569,1.133676872,5.759722037,9.109527915,1,3,,
535,1,1,0,0,0,1,1,0,1,0,0,0,577,1,1,0,0,0,1,3,249,0,0.473495785,0.031239018,0.367775154,0.586498874,1.935162997,3.394171827,3,3,,
536,1,1,1,0,0,0,0,0,0,0,0,0,578,1,0,1,1,1,1,5,19,0,0.587453368,0.204196898,0,0.197264034,4.551294722,5.540209022,1,3,,
537,1,1,1,0,0,0,0,0,0,0,0,0,579,1,0,1,1,1,1,5,607,0,0.002164924,0.012989543,0,0,0.052162573,0.067317041,1,1,,
538,1,1,0,0,0,0,0,0,0,0,0,0,581,1,1,1,1,1,1,6,345,0.012141079,0,0.015926103,0,0,0.348180265,0.376247448,0,1,,
539,1,1,0,0,0,0,1,1,0,0,0,0,583,1,1,1,1,1,1,6,106,0,0,0,0.010500893,0,0.225539684,0.236040577,0,1,,
540,0,1,0,0,0,0,1,1,0,0,0,0,585,0,1,1,1,1,1,5,639,0,0,0.014281634,0.25651988,0,0,0.270801514,1,1,,
541,0,1,0,0,0,0,1,0,0,0,0,0,586,0,1,1,0,1,1,4,32,0,0.073746313,0.368822228,0.283076923,0,0.012804097,0.738449561,2,1,,
542,1,1,0,1,0,0,0,0,0,0,0,0,587,1,0,1,1,1,1,5,288,0,0,0,0,0,0,0,1,0,,
543,1,1,1,0,0,0,0,0,0,0,0,0,588,1,0,1,1,1,1,5,425,8.617283951,0,2.766063012,0,0.223797091,0.462203668,12.06934772,1,4,,
544,1,1,1,0,0,0,0,0,0,0,0,0,589,1,0,1,1,1,1,5,409,0.964789313,0.016492125,0.115980449,0.057722438,0.306278714,1.304895608,2.766158647,1,3,,
545,1,1,1,0,0,0,0,0,0,0,0,0,590,1,0,1,1,1,1,5,478,0,2.365984684,0.769777357,0.173010381,1.723920976,20.75284091,25.78553431,1,4,,
546,1,1,1,1,0,0,0,0,0,0,0,1,591,1,1,1,1,1,0,5,268,0.229693047,1.054499896,0.853500432,0.24013364,1.739434975,4.349534914,8.466796904,1,3,,
547,1,1,1,0,0,0,0,0,0,0,0,0,592,1,0,1,1,1,1,5,209,0.22559475,2.07820618,0.74679442,1.309983453,3.063037453,1.017113335,8.440729591,1,3,,
548,1,1,1,0,0,0,-1,1,0,0,0,0,593,1,0,1,0,1,1,4,372,0.016321201,1.29035958,0.545514657,0.131918555,1.077257889,0.036306426,3.097678309,2,3,,
549,1,1,0,0,0,0,0,1,1,0,0,0,594,1,1,1,0,0,1,4,550,0,0.162453041,0.680389286,0.195493364,0.589946662,0,1.628282353,2,2,,
550,1,1,0,0,0,0,0,0,1,0,0,0,595,1,1,1,1,0,1,5,50,0.182648402,0,0.041152263,0.47436187,0.020294267,0,0.718456802,1,1,,
551,1,1,1,0,0,0,-1,1,0,0,1,0,596,1,0,1,0,1,0,3,599,0.250085814,5.856255546,1.674826076,0.333911257,3.299442761,0.577200577,11.99172203,3,4,,
552,1,1,0,0,0,0,0,0,0,0,0,0,597,1,1,1,1,1,1,6,556,0.066459903,0.074101519,0.190818274,0.406053894,0.332299513,0.699975863,1.769708965,0,2,,
553,1,1,0,0,0,1,0,0,1,0,0,1,598,1,1,0,1,0,0,3,536,0.777470629,4.518990851,0.089237908,1.973802261,0.621976503,20.37376328,28.35524144,3,4,,
554,1,1,1,0,0,0,-1,1,0,0,0,0,599,1,0,1,0,1,1,4,110,0.528511822,11.5291937,0.147477088,0.703179162,0.806675939,7.865847517,21.58088523,2,4,,
555,1,1,0,0,0,0,-1,0,0,0,0,0,600,1,1,1,0,1,1,5,262,5.141519039,0,0.600480384,2.228565155,0.651272943,17.61713204,26.23896956,1,4,,
556,1,1,0,0,0,0,0,0,0,0,0,0,601,1,1,1,1,1,1,6,113,0.225638133,0,1.544153129,0.353527238,0.785698019,12.85040608,15.7594226,0,4,,
557,1,1,0,1,0,0,1,1,0,0,0,0,602,1,0,1,1,1,1,5,206,2.003561888,8.21845175,0.041500664,1.751023608,0.651197605,0.842137498,13.50787301,1,4,,
558,0,1,0,0,0,0,0,0,0,0,0,0,603,0,1,1,1,1,1,5,258,15.63088512,42.33870968,0,0,2.63653484,7.721280603,68.32741024,1,4,,
559,1,1,0,1,0,0,1,0,1,0,0,0,604,1,0,1,0,0,1,3,565,6.753001625,1.731198809,0.036701096,2.319477507,4.832733432,2.995697668,18.66881014,3,4,,
560,1,1,0,0,0,0,0,0,1,0,0,0,605,1,1,1,1,0,1,5,512,0.187639732,2.610966057,0.454921423,0.016020506,0,0.194649217,3.464196935,1,3,,
561,1,1,0,0,0,0,0,0,0,0,0,0,606,1,1,1,1,1,1,6,77,0.199929437,1.4174999,3.154347982,0.01600064,0.078591638,1.954017401,6.820386998,0,3,,
562,1,1,0,0,0,0,0,0,0,0,0,0,607,1,1,1,1,1,1,6,487,0.338260664,1.821228236,0.200350614,1.262828318,0.405204628,5.217290933,9.245163393,0,3,,
563,1,1,0,0,0,0,0,1,1,0,1,0,608,1,1,1,0,0,0,3,217,0.009325748,5.441574186,0.920810313,0.004693514,0.009325748,0.342026507,6.727756017,3,3,,
564,1,1,0,0,0,0,0,0,1,0,0,0,609,1,1,1,1,0,1,5,248,0,4.513590844,0.584845618,0.064921013,0,0.273224044,5.436581519,1,3,,
565,1,1,0,0,0,0,0,1,1,0,0,0,610,1,1,1,0,0,1,4,302,0.008453085,0.553677092,0.409946842,0.110459682,0.033839516,3.360904007,4.477280225,2,3,,
566,1,1,0,0,0,0,0,0,1,0,0,0,611,1,1,1,1,0,1,5,530,0.047664442,5.919923737,4.527901139,0.114591291,1.154359855,0.372965642,12.13740611,1,4,,
567,1,1,1,0,0,0,0,0,0,0,0,0,612,1,0,1,1,1,1,5,358,1.992192216,2.584873402,4.069015678,1.394264166,0.442709381,4.861279625,15.34433447,1,4,,
568,1,1,0,0,0,0,0,0,1,0,0,0,613,1,1,1,1,0,1,5,392,0,1.433994095,0.327050521,0.01753002,0.463939266,0.185474424,2.427988326,1,3,,
569,1,1,0,0,0,0,0,1,1,0,1,0,614,1,1,1,0,0,0,3,157,0.03785216,5.158708701,0,0,0.048667063,2.516625375,7.761853299,3,3,,
570,1,1,0,0,0,0,0,0,0,0,0,0,615,1,1,1,1,1,1,6,247,0,20.77777778,0,0,0,1.973684211,22.75146199,0,4,,
571,1,1,1,0,0,0,0,0,0,0,0,0,616,1,0,1,1,1,1,5,594,0.986883198,0.54200542,0.042955326,0.117708606,0.018968134,0.126617895,1.835138579,1,2,,
572,1,1,0,0,0,0,0,0,0,0,0,0,617,1,1,1,1,1,1,6,507,0.828456835,2.58689097,0.12082767,3.431002539,0.219079865,0.305546851,7.491804728,0,3,,
573,1,1,1,1,1,0,0,0,0,0,0,0,618,1,1,0,1,1,1,5,287,23.71990505,0.577725473,1.632121758,0.808463919,0,2.218463987,28.95668019,1,4,,
574,1,1,1,1,1,0,0,0,0,0,-1,0,619,1,1,0,1,1,0,4,340,25.5788712,0.012729124,1.804657969,0.328827183,0,3.321764998,31.04685047,2,4,,
575,1,1,1,0,0,0,0,1,0,0,0,-1,620,1,0,1,0,1,0,3,176,4.499922947,0.602463011,2.464454976,0.514138817,0,6.459561735,14.54054149,3,4,,
576,1,1,1,0,0,0,0,0,0,0,0,0,621,1,0,1,1,1,1,5,277,0.047425474,4.007612224,0.659181051,0,0.086816321,3.936475756,8.737510827,1,3,,
577,1,1,1,0,0,0,0,0,0,0,0,0,622,1,0,1,1,1,1,5,179,0.443727309,1.490904904,1.312532382,0.051512253,0.236052738,2.083694084,5.618423669,1,3,,
578,1,1,0,0,0,1,1,0,1,0,0,0,623,1,1,0,0,0,1,3,75,4.457248824,1.715345387,2.397509769,0,0.006622955,1.64249288,10.21921982,3,4,,
579,1,1,0,0,0,0,0,0,1,0,0,1,624,1,1,1,1,0,0,4,537,4.922390876,15.16829247,4.357678229,2.009005888,1.500728925,3.248159376,31.20625576,2,4,,
580,1,1,0,0,0,0,0,0,1,0,0,0,625,1,1,1,1,0,1,5,584,10.16185338,2.146440592,2.21691678,0.92995793,0.06299393,2.067153952,17.58531656,1,4,,
581,1,1,1,0,1,0,0,0,0,0,0,0,626,1,0,0,1,1,1,4,232,17.64141898,1.275490119,10.43268909,0.931336742,1.729559748,4.434559914,36.4450546,2,4,,
582,1,1,0,0,0,0,1,1,1,0,0,0,627,1,1,1,1,0,1,5,148,18.37916064,0,0.175572072,0,0.338875357,1.809902588,20.70351065,1,4,,
583,1,1,0,0,0,0,0,0,1,0,0,0,628,1,1,1,1,0,1,5,151,59.25925926,17.64705882,0.160049793,21.59624413,0.13576487,0.584466188,99.38284306,1,4,,
584,1,1,0,1,1,0,0,0,0,0,0,0,629,1,0,0,1,1,1,4,626,0,0,0.075671585,0,0.134811264,1.297236323,1.507719172,2,2,,
585,1,1,1,0,0,0,0,0,0,0,0,0,630,1,0,1,1,1,1,5,450,0,1.991281417,8.879546468,0.15663822,0.010763683,1.568469737,12.60669952,1,4,,
586,1,1,0,0,0,0,1,1,0,0,0,0,632,1,1,1,1,1,1,6,65,0.052356021,2.715681404,0.468125394,0.038680444,0.570680628,0.063265658,3.90878955,0,3,,
587,0,1,0,0,0,0,0,0,0,0,0,0,634,0,1,1,1,1,1,5,465,0,0,44.51612903,0,3.75,4.375,52.64112903,1,4,,
588,1,1,0,1,0,0,0,0,0,0,0,0,635,1,0,1,1,1,1,5,533,4.105090312,0.105152471,0.17921147,7.173356106,0,2.134646962,13.69745732,1,4,,
589,1,1,0,0,0,0,0,0,0,0,0,0,636,1,1,1,1,1,1,6,7,0,0,0,0,0,0,0,0,0,,
590,1,1,0,0,0,0,1,0,1,0,0,0,637,1,1,1,0,0,1,4,407,45.67307692,0,4.166666667,0.320512821,0,10.73717949,60.8974359,2,4,,
591,1,1,0,1,1,0,1,0,0,0,0,0,638,1,0,0,0,1,1,3,385,0,0,0,0,0,0,0,3,0,,
592,1,1,0,1,0,0,1,0,1,0,0,0,639,1,0,1,0,0,1,3,523,0,0,0,0,0,0,0,3,0,,
,,,,,,,,,,,,,,,,,,,,,,,,,,,,,6,,,
,,,,,,,,,,,,,,,,,,,,,,,,,,,,,0,,,
