Unnamed: 0,Unnamed: 0_x,STATE_x,NAME_x,District,EMP_2011_x,EMP_2001_x,MSW_2011_x,MSW_2001_x,BF_2011_x,BF_2001_x,MSL_2011_x,MSL_2001_x,FC_2011_x,FC_2001_x,CHH_2011,CHH_2001,F_EMP_2001,F_EMP_2011,Unnamed: 0.1,Unnamed: 0_x.1,district_id_x,BF_2001_y,BF_2003,BF_2005,BF_2007,BF_2009,BF_2011_y,Unnamed: 0_y,EMP_2001_y,EMP_2003,EMP_2005,EMP_2007,EMP_2009,EMP_2011_y,Unnamed: 0_x.1.1,FC_2001_y,FC_2003,FC_2005,FC_2007,FC_2009,FC_2011_y,Unnamed: 0_y.1,MSL_2001_y,MSL_2003,MSL_2005,MSL_2007,MSL_2009,MSL_2011_y,Unnamed: 0.1.1,MSW_2001_y,MSW_2003,MSW_2005,MSW_2007,MSW_2009,MSW_2011_y,STATE_y,Name,NAME_y,ASSET_2011_x,ASSET_2001_x,Unnamed: 0_y.1.1,district_id_y,ASSET_2001_y,ASSET_2003,ASSET_2005,ASSET_2007,ASSET_2009,ASSET_2011_y
187,187,10,Pashchim Champaran,203,1,2,2,2,1,1,1,1,2,2,1,1,2,1,202,202,203,1,2,1,1,1,1,202,1,1,1,1,1,1,202,2,3,3,1,1,2,202,3,1,3,3,2,1,202,2,3,2,3,2,2,10,BIHAR,Pashchim Champaran,1,1,202,203,1,1,1,1,1,1
188,188,10,Purba Champaran,204,1,1,2,2,1,1,1,1,2,2,1,1,1,1,203,203,204,2,1,1,1,1,1,203,3,1,1,1,1,1,203,2,2,3,1,3,2,203,1,2,3,1,2,1,203,2,3,2,2,3,2,10,BIHAR,Purba Champaran,1,1,203,204,1,1,1,1,2,1
189,189,10,Sheohar,205,1,1,2,2,1,1,1,1,2,2,1,1,1,1,204,204,205,3,3,3,3,3,1,204,1,2,1,3,3,1,204,3,3,1,1,1,2,204,3,3,3,3,3,1,204,1,3,3,3,3,2,10,BIHAR,Sheohar,1,1,204,205,3,3,3,3,3,3
190,190,10,Sitamarhi,206,1,1,2,2,1,1,1,1,2,2,1,1,1,1,205,205,206,1,1,1,1,1,1,205,3,3,1,1,1,1,205,2,2,2,1,3,2,205,2,2,1,1,2,1,205,3,2,2,3,3,2,10,BIHAR,Sitamarhi,1,1,205,206,1,1,1,1,1,1
191,191,10,Madhubani,207,1,1,2,2,1,1,1,1,2,2,2,2,2,1,206,206,207,1,1,1,1,1,1,206,1,2,1,1,1,1,206,2,2,1,1,3,2,206,1,3,1,1,2,1,206,2,2,2,2,3,2,10,BIHAR,Madhubani,1,1,206,207,1,1,1,1,1,1
192,192,10,Supaul,208,1,2,2,2,1,1,1,1,2,2,1,1,3,1,207,207,208,1,1,1,2,1,1,207,1,1,1,1,1,1,207,2,1,2,1,3,2,207,1,2,1,3,3,1,207,2,3,2,1,3,2,10,BIHAR,Supaul,1,1,207,208,1,1,1,1,1,1
193,193,10,Araria,209,2,2,2,2,1,1,1,1,2,2,1,1,2,1,208,208,209,1,2,1,1,1,1,208,2,3,1,3,1,2,208,2,1,1,1,3,2,208,1,2,1,1,1,1,208,2,3,2,3,3,2,10,BIHAR,Araria,1,1,208,209,1,1,1,1,1,1
194,194,10,Kishanganj,210,1,1,2,2,1,1,1,1,2,2,1,1,1,1,209,209,210,2,1,1,1,1,1,209,1,1,1,2,3,1,209,2,1,2,1,3,2,209,3,3,3,3,3,1,209,3,1,2,2,1,2,10,BIHAR,Kishanganj,1,1,209,210,1,1,1,1,1,1
195,195,10,Purnia,211,1,2,2,2,1,1,1,1,2,2,1,1,2,2,210,210,211,1,2,1,1,1,1,210,1,1,1,1,1,1,210,2,2,2,1,3,2,210,1,2,1,1,2,1,210,2,3,2,2,2,2,10,BIHAR,Purnia,1,1,210,211,1,1,1,1,1,1
196,196,10,Katihar,212,1,2,2,2,1,1,1,1,2,2,1,1,2,1,211,211,212,1,2,1,1,1,1,211,1,1,1,1,1,1,211,3,1,3,1,3,2,211,2,2,2,2,1,1,211,2,2,2,2,2,2,10,BIHAR,Katihar,1,1,211,212,1,1,1,1,1,1
197,197,10,Madhepura,213,2,2,2,2,1,1,1,1,2,2,1,1,3,1,212,212,213,2,2,1,1,1,1,212,1,1,1,1,1,2,212,3,2,2,3,1,2,212,3,2,1,3,2,1,212,3,3,2,1,3,2,10,BIHAR,Madhepura,1,1,212,213,1,3,1,1,1,1
198,198,10,Saharsa,214,1,2,2,2,1,1,1,1,2,2,1,1,2,1,213,213,214,2,2,1,2,1,1,213,1,1,1,1,1,1,213,2,1,2,1,1,2,213,3,2,1,3,2,1,213,3,3,2,3,1,2,10,BIHAR,Saharsa,1,1,213,214,3,3,1,1,1,1
199,199,10,Darbhanga,215,1,1,2,2,1,1,1,1,2,2,1,1,1,1,214,214,215,1,2,1,2,1,1,214,1,1,1,1,1,1,214,2,2,2,3,3,2,214,1,2,1,3,3,1,214,2,3,2,3,1,2,10,BIHAR,Darbhanga,1,1,214,215,1,1,1,1,3,1
200,200,10,Muzaffarpur,216,1,1,2,2,1,1,1,1,2,2,1,1,1,1,215,215,216,2,1,1,1,3,1,215,1,1,3,1,3,1,215,1,2,3,3,3,2,215,1,2,3,1,2,1,215,2,3,2,2,3,2,10,BIHAR,Muzaffarpur,1,1,215,216,1,1,1,1,3,1
201,201,10,Gopalganj,217,1,1,2,2,1,1,1,1,2,2,1,1,1,1,216,216,217,1,1,1,1,1,1,216,1,1,1,1,1,1,216,2,2,3,1,3,2,216,1,2,1,1,2,1,216,2,2,2,2,3,2,10,BIHAR,Gopalganj,1,1,216,217,1,1,1,1,3,1
202,202,10,Siwan,218,1,1,2,2,1,1,1,1,2,2,2,2,1,1,217,217,218,1,1,1,1,1,1,217,1,3,1,1,1,1,217,2,1,3,3,3,2,217,1,1,1,1,1,1,217,2,2,2,2,3,2,10,BIHAR,Siwan,1,1,217,218,1,1,1,1,3,1
203,203,10,Saran,219,1,1,2,2,1,1,1,1,2,2,1,2,1,2,218,218,219,2,1,1,1,3,1,218,1,1,1,1,1,1,218,2,1,3,1,3,2,218,1,2,2,1,3,1,218,2,3,2,2,3,2,10,BIHAR,Saran,1,1,218,219,1,1,3,1,3,1
204,204,10,Vaishali,220,1,1,2,2,1,1,1,1,2,2,1,1,1,2,219,219,220,2,1,1,1,3,1,219,1,1,1,1,1,1,219,1,1,3,3,1,2,219,1,2,3,3,2,1,219,3,3,3,2,3,2,10,BIHAR,Vaishali,1,1,219,220,1,3,3,1,3,1
205,205,10,Samastipur,221,1,1,2,2,1,1,1,1,2,2,1,1,1,2,220,220,221,1,1,1,2,1,1,220,1,1,3,1,1,1,220,1,3,3,3,3,2,220,3,2,1,3,2,1,220,3,3,2,2,2,2,10,BIHAR,Samastipur,1,1,220,221,3,1,1,1,3,1
206,206,10,Begusarai,222,1,1,2,2,1,1,1,1,2,2,1,1,1,2,221,221,222,2,2,1,2,2,1,221,3,1,1,1,1,1,221,3,1,2,1,1,2,221,3,2,1,3,3,1,221,3,3,1,3,3,2,10,BIHAR,Begusarai,1,1,221,222,3,3,1,1,3,1
207,207,10,Khagaria,223,1,1,2,2,1,1,1,1,2,2,1,1,2,2,222,222,223,3,2,1,2,3,1,222,1,1,3,1,1,1,222,3,1,3,1,1,2,222,3,3,1,3,2,1,222,3,3,2,3,3,2,10,BIHAR,Khagaria,1,1,222,223,3,3,1,1,3,1
208,208,10,Bhagalpur,224,1,1,2,2,1,1,1,1,2,2,1,1,2,2,223,223,224,2,2,1,1,2,1,223,1,1,1,1,1,1,223,2,3,3,1,3,2,223,1,2,1,1,1,1,223,3,2,2,2,3,2,10,BIHAR,Bhagalpur,1,1,223,224,1,1,1,1,1,1
209,209,10,Banka,225,1,2,2,1,1,1,1,1,2,2,1,1,2,2,224,224,225,1,1,1,1,1,1,224,1,1,1,1,1,1,224,1,1,1,1,1,2,224,2,2,1,3,3,2,224,2,1,2,2,3,2,10,BIHAR,Banka,1,1,224,225,1,1,1,1,1,1
210,210,10,Munger,226,1,1,2,1,1,1,1,1,2,2,1,1,1,2,225,225,226,2,3,3,3,2,1,225,3,3,1,1,3,1,225,1,3,2,1,1,2,225,3,3,3,3,3,1,225,3,3,3,3,3,2,10,BIHAR,Munger,1,1,225,226,3,3,1,1,3,1
211,211,10,Lakhisarai,227,1,1,2,2,1,1,1,1,2,2,1,1,2,2,226,226,227,3,3,3,1,3,1,226,3,1,3,1,3,1,226,3,3,3,3,1,2,226,3,3,3,3,3,1,226,3,3,3,3,3,2,10,BIHAR,Lakhisarai,1,1,226,227,3,3,3,1,3,1
212,212,10,Sheikhpura,228,1,2,2,2,1,1,1,1,2,2,1,1,2,2,227,227,228,3,3,1,3,3,1,227,3,3,1,1,3,1,227,3,3,3,1,1,2,227,3,3,3,3,3,1,227,3,3,3,3,3,2,10,BIHAR,Sheikhpura,1,1,227,228,3,3,3,3,3,3
213,213,10,Nalanda,229,1,2,2,2,1,1,1,1,2,2,1,1,2,2,228,228,229,2,3,1,1,2,1,228,3,3,1,1,1,1,228,3,2,2,1,3,2,228,3,3,3,1,2,1,228,3,3,2,2,3,2,10,BIHAR,Nalanda,1,1,228,229,1,3,1,1,3,1
214,214,10,Patna,230,1,1,2,2,3,2,2,2,2,2,2,2,1,2,229,229,230,2,1,1,1,2,1,229,1,1,1,1,1,1,229,3,2,2,1,1,2,229,2,3,3,1,2,1,229,2,3,3,2,3,2,10,BIHAR,Patna,2,1,229,230,1,1,1,1,2,2
215,215,10,Bhojpur,231,1,1,2,2,1,1,1,1,2,2,1,1,1,2,230,230,231,2,1,1,1,1,1,230,1,1,1,1,3,1,230,2,2,2,1,3,2,230,1,2,1,3,1,1,230,3,3,3,2,3,2,10,BIHAR,Bhojpur,1,1,230,231,1,3,3,1,3,1
216,216,10,Buxar,232,1,1,2,2,1,1,1,1,2,2,1,1,1,2,231,231,232,1,2,1,3,1,1,231,1,1,1,1,1,1,231,2,2,2,1,3,2,231,3,2,1,1,1,1,231,2,3,2,2,3,2,10,BIHAR,Buxar,1,1,231,232,1,3,1,1,3,1
217,217,10,Kaimur (Bhabua),233,1,1,2,2,1,1,1,1,2,2,1,1,2,2,232,232,233,1,1,1,1,1,1,232,2,1,1,2,2,1,232,1,1,1,1,1,2,232,3,3,1,2,3,1,232,2,2,2,2,3,2,10,BIHAR,Kaimur (Bhabua),1,1,232,233,2,1,1,1,1,1
218,218,10,Rohtas,234,1,1,2,2,1,1,1,1,2,2,1,1,1,2,233,233,234,1,1,1,1,1,1,233,1,1,1,2,1,1,233,1,1,1,3,1,2,233,3,3,1,3,2,1,233,2,3,2,2,3,2,10,BIHAR,Rohtas,2,1,233,234,1,2,1,1,2,2
219,219,10,Aurangabad,235,1,1,2,2,1,1,1,1,2,2,1,1,2,2,234,234,235,1,2,1,1,1,1,234,1,1,1,1,2,1,234,3,1,2,1,3,2,234,1,3,3,3,3,1,234,2,3,3,3,3,2,10,BIHAR,Aurangabad,1,1,234,235,1,1,1,3,1,1
220,220,10,Gaya,236,1,2,2,2,1,1,1,1,2,2,1,1,2,2,235,235,236,1,1,1,1,1,1,235,1,1,1,1,2,1,235,1,1,1,1,1,2,235,2,2,2,2,3,1,235,2,2,2,3,3,2,10,BIHAR,Gaya,1,1,235,236,1,1,1,1,2,1
221,221,10,Nawada,237,1,2,2,2,1,1,1,1,2,2,1,1,2,2,236,236,237,1,1,1,1,1,1,236,1,1,1,1,2,1,236,3,3,1,1,1,2,236,3,2,3,3,3,1,236,3,3,3,2,3,2,10,BIHAR,Nawada,1,1,236,237,1,1,1,1,3,1
222,222,10,Jamui,238,1,2,2,1,1,1,1,1,2,2,1,1,3,2,237,237,238,1,1,1,1,1,1,237,1,2,1,2,1,2,237,1,1,1,1,1,2,237,2,2,1,3,3,1,237,2,3,1,3,3,2,10,BIHAR,Jamui,1,1,237,238,1,1,1,1,3,1
223,223,10,Jehanabad ,239,1,2,2,2,1,1,1,1,2,2,1,1,2,2,238,238,239,3,3,1,3,1,1,238,3,3,1,3,3,1,238,3,1,2,3,3,2,238,3,2,3,3,3,1,238,3,3,3,3,3,2,10,BIHAR,Jehanabad ,1,1,238,239,3,3,3,3,3,3
336,336,21,Bargarh,370,2,2,2,2,1,1,2,1,1,1,1,1,2,2,369,369,370,1,1,1,1,1,1,369,2,2,2,2,2,2,369,1,1,1,1,1,1,369,3,2,1,3,2,1,369,2,2,2,2,3,2,21,ODISHA,Bargarh,1,1,369,370,1,1,1,1,1,1
337,337,21,Jharsuguda,371,3,1,2,1,1,1,2,2,1,1,1,1,2,2,370,370,371,3,1,1,1,2,1,370,2,2,2,2,2,3,370,1,1,1,1,1,1,370,3,2,3,3,3,2,370,3,3,1,3,3,2,21,ODISHA,Jharsuguda,2,1,370,371,3,1,1,1,1,1
338,338,21,Sambalpur,372,2,1,2,2,1,1,2,1,1,1,1,1,3,2,371,371,372,1,1,1,1,1,1,371,2,2,2,2,2,2,371,1,1,1,1,1,1,371,3,2,2,3,2,2,371,3,3,3,3,3,2,21,ODISHA,Sambalpur,1,1,371,372,1,1,1,1,1,1
339,339,21,Debagarh,373,2,2,2,2,1,1,1,1,1,1,1,1,3,2,372,372,373,1,1,1,1,1,1,372,2,2,2,2,2,2,372,1,1,1,1,1,1,372,3,1,3,3,3,1,372,3,2,2,3,3,2,21,ODISHA,Debagarh,1,1,372,373,1,3,1,1,1,1
340,340,21,Sundargarh,374,1,1,2,2,1,1,2,1,1,1,1,1,2,2,373,373,374,1,1,1,1,1,1,373,1,2,2,2,2,1,373,1,1,1,1,1,1,373,2,2,1,3,2,2,373,3,3,2,3,3,2,21,ODISHA,Sundargarh,1,1,373,374,1,1,1,1,1,1
341,341,21,Kendujhar,375,1,1,2,1,1,1,1,1,1,1,1,1,2,2,374,374,375,1,1,1,1,1,1,374,2,1,2,2,2,1,374,1,1,1,1,1,1,374,3,3,3,3,3,1,374,2,3,3,3,3,2,21,ODISHA,Kendujhar,1,1,374,375,1,1,1,1,1,1
342,342,21,Mayurbhanj,376,2,2,2,1,1,1,1,1,1,1,1,1,3,2,375,375,376,1,2,1,1,1,1,375,2,2,2,2,2,2,375,1,1,1,1,1,1,375,2,3,1,3,3,1,375,2,3,2,3,3,2,21,ODISHA,Mayurbhanj,1,1,375,376,1,1,1,1,1,1
343,343,21,Baleshwar,377,1,1,2,2,1,1,2,1,2,2,1,1,1,2,376,376,377,1,1,1,1,1,1,376,1,1,1,1,1,1,376,1,1,1,1,1,2,376,2,2,2,2,2,2,376,3,2,3,3,3,2,21,ODISHA,Baleshwar,1,1,376,377,1,1,2,3,1,1
344,344,21,Bhadrak,378,1,1,2,2,1,1,2,1,2,2,1,1,1,2,377,377,378,1,1,1,2,1,1,377,1,1,1,1,1,1,377,1,1,2,1,1,2,377,3,2,2,3,2,2,377,3,1,3,3,1,2,21,ODISHA,Bhadrak,1,1,377,378,3,1,1,3,1,1
345,345,21,Kendrapara,379,1,1,2,2,1,1,2,1,2,2,1,1,1,2,378,378,379,2,1,1,3,1,1,378,3,1,1,3,1,1,378,3,1,1,1,1,2,378,3,3,1,2,3,2,378,3,3,1,3,3,2,21,ODISHA,Kendrapara,1,1,378,379,3,1,1,3,1,1
346,346,21,Jagatsinghapur,380,1,1,2,2,1,1,2,1,2,1,1,1,1,2,379,379,380,3,1,3,3,1,1,379,3,1,1,3,1,1,379,1,1,2,1,1,2,379,3,3,3,3,3,2,379,1,3,1,3,3,2,21,ODISHA,Jagatsinghapur,2,1,379,380,3,3,1,3,1,2
347,347,21,Cuttack,381,1,1,2,1,1,1,2,2,2,1,1,1,1,2,380,380,381,1,1,1,1,1,1,380,1,1,2,1,1,1,380,1,1,1,1,1,2,380,3,3,3,3,3,2,380,2,3,2,1,1,2,21,ODISHA,Cuttack,2,1,380,381,2,2,1,2,1,2
348,348,21,Jajapur,382,1,1,2,1,1,1,2,1,2,2,1,1,1,2,381,381,382,1,1,1,1,1,1,381,2,1,2,2,1,1,381,3,1,1,1,1,2,381,3,3,2,3,2,2,381,3,3,2,3,3,2,21,ODISHA,Jajapur,1,1,381,382,1,1,1,1,1,1
349,349,21,Dhenkanal,383,1,1,1,1,1,1,2,1,1,1,1,1,1,2,382,382,383,1,1,1,1,1,1,382,2,3,2,2,2,1,382,1,1,1,1,1,1,382,3,3,3,2,3,2,382,3,3,3,2,2,1,21,ODISHA,Dhenkanal,1,1,382,383,1,1,1,1,1,1
350,350,21,Anugul,384,1,1,1,1,1,1,2,1,1,1,1,1,2,2,383,383,384,1,1,1,1,1,1,383,2,2,2,2,2,1,383,1,1,1,1,1,1,383,3,3,1,3,2,2,383,3,3,3,3,3,1,21,ODISHA,Anugul,1,1,383,384,1,1,1,1,1,1
351,351,21,Nayagarh,385,1,1,2,1,1,1,2,1,1,1,1,1,1,2,384,384,385,1,1,1,2,3,1,384,1,3,2,2,2,1,384,1,1,1,1,1,1,384,3,3,3,3,3,3,384,3,3,3,3,3,3,21,ODISHA,Nayagarh,1,1,384,385,1,3,1,1,1,1
352,352,21,Khordha,386,3,3,1,1,1,1,2,2,3,1,2,1,1,2,385,385,386,1,3,1,1,1,1,385,1,1,2,2,2,3,385,1,1,1,1,1,1,385,3,3,2,3,3,2,385,2,3,3,2,2,2,21,ODISHA,Khordha,2,2,385,386,1,3,1,1,1,1
353,353,21,Puri,387,1,1,2,2,1,1,2,1,2,2,1,1,1,2,386,386,387,2,2,1,2,2,1,386,1,1,1,3,3,1,386,3,1,1,3,3,2,386,2,2,2,2,2,2,386,3,3,3,3,3,2,21,ODISHA,Puri,1,1,386,387,3,1,1,3,1,1
354,354,21,Ganjam,388,1,1,2,2,1,1,2,1,1,1,1,1,2,2,387,387,388,1,1,1,1,1,1,387,2,2,2,2,2,1,387,3,1,1,1,1,1,387,3,3,3,3,3,2,387,3,3,3,3,3,1,21,ODISHA,Ganjam,1,1,387,388,1,2,1,1,1,1
355,355,21,Gajapati,389,2,2,1,1,1,1,2,1,1,1,1,1,3,2,388,388,389,3,3,2,1,3,1,388,2,1,2,1,2,2,388,1,1,1,1,1,1,388,3,3,3,3,3,2,388,3,1,3,2,2,1,21,ODISHA,Gajapati,1,1,388,389,3,3,1,1,3,3
356,356,21,Kandhamal,390,2,2,1,1,1,1,1,1,1,1,1,1,3,2,389,389,390,2,2,1,3,1,1,389,1,2,2,2,2,2,389,1,1,1,1,1,1,389,3,3,3,3,2,2,389,3,1,3,1,3,1,21,ODISHA,Kandhamal,1,1,389,390,1,1,1,1,1,1
357,357,21,Baudh,391,2,2,2,2,1,1,1,1,1,1,1,1,3,2,390,390,391,1,1,1,1,1,1,390,2,2,2,2,2,1,390,1,1,1,1,1,1,390,3,2,2,3,3,1,390,2,3,1,3,3,2,21,ODISHA,Baudh,1,1,390,391,1,1,1,1,1,1
358,358,21,Sonapur,392,2,2,2,2,1,1,1,1,1,1,1,1,2,2,391,391,392,3,1,1,1,1,1,391,2,2,1,2,2,1,391,1,1,1,1,1,1,391,3,2,3,3,3,1,391,2,3,2,3,3,2,21,ODISHA,Sonapur,1,1,391,392,1,1,1,1,1,1
359,359,21,Balangir,393,1,1,2,2,1,1,1,1,1,1,1,1,2,2,392,392,393,1,1,1,1,1,1,392,2,2,2,2,2,1,392,1,1,1,1,1,1,392,2,2,2,1,2,1,392,2,2,2,3,3,2,21,ODISHA,Balangir,1,1,392,393,1,1,1,1,1,1
360,360,21,Nuapada,394,2,2,2,2,1,1,1,1,1,1,1,1,3,2,393,393,394,1,1,1,1,1,1,393,2,2,2,2,2,2,393,1,1,1,1,1,1,393,3,3,3,3,3,1,393,3,3,3,3,1,2,21,ODISHA,Nuapada,1,1,393,394,2,1,1,1,1,1
361,361,21,Kalahandi,395,2,2,2,2,1,1,1,1,1,1,1,1,3,2,394,394,395,1,1,1,1,1,1,394,2,2,2,2,2,2,394,1,1,1,1,1,1,394,3,2,1,2,3,1,394,3,3,3,3,3,2,21,ODISHA,Kalahandi,1,1,394,395,1,1,1,1,1,1
362,362,21,Rayagada,396,2,2,2,2,1,1,1,1,1,1,1,1,3,2,395,395,396,3,1,1,1,1,1,395,1,2,2,2,2,2,395,1,1,1,1,1,1,395,3,3,2,2,3,3,395,3,3,3,3,2,3,21,ODISHA,Rayagada,1,1,395,396,1,1,1,1,1,1
363,363,21,Nabarangapur,397,2,2,2,2,1,1,1,1,1,1,1,1,3,2,396,396,397,1,1,1,1,1,1,396,2,2,2,2,2,2,396,1,1,1,1,1,1,396,3,3,3,2,3,1,396,3,3,3,3,3,2,21,ODISHA,Nabarangapur,1,1,396,397,2,2,1,1,2,1
364,364,21,Koraput,398,2,2,2,2,1,1,1,1,1,1,1,1,3,2,397,397,398,1,1,1,1,1,1,397,2,2,2,2,2,2,397,1,1,1,1,1,1,397,3,3,3,2,1,1,397,3,3,3,2,3,2,21,ODISHA,Koraput,1,1,397,398,1,2,1,1,1,1
365,365,21,Malkangiri,399,2,2,2,2,1,1,1,1,1,1,1,1,3,2,398,398,399,1,3,1,1,1,1,398,2,2,2,2,2,2,398,1,1,1,1,1,1,398,3,3,3,2,2,1,398,3,3,2,3,3,2,21,ODISHA,Malkangiri,1,1,398,399,1,1,1,1,1,1
427,427,24,Kachchh,468,3,3,3,3,3,1,3,3,1,1,3,2,2,3,467,467,468,2,2,2,2,2,2,467,2,3,3,3,3,3,467,1,1,1,1,1,1,467,3,3,3,3,3,3,467,3,3,3,3,3,3,24,GUJARAT,Kachchh,2,2,467,468,2,2,2,2,2,2
428,428,24,Banas Kantha,469,2,2,3,3,1,1,2,2,1,1,2,2,3,3,468,468,469,2,1,1,1,1,1,468,2,2,2,2,2,2,468,1,3,1,1,1,1,468,3,2,3,3,3,2,468,3,3,3,3,3,3,24,GUJARAT,Banas Kantha,2,1,468,469,2,2,2,2,2,2
429,429,24,Patan,470,2,2,3,3,1,1,3,2,1,1,3,2,3,3,469,469,470,1,3,1,2,1,2,469,2,1,2,2,2,2,469,1,1,1,1,1,1,469,3,3,3,3,3,3,469,3,3,3,3,3,3,24,GUJARAT,Patan,2,1,469,470,2,2,2,2,2,2
430,430,24,Mahesana,471,1,1,3,3,3,1,3,3,3,1,3,2,3,3,470,470,471,1,1,1,1,1,1,470,2,1,1,2,2,1,470,1,1,1,1,1,1,470,3,3,3,3,3,3,470,3,3,3,3,3,3,24,GUJARAT,Mahesana,2,1,470,471,2,2,2,2,2,2
431,431,24,Sabar Kantha,472,2,2,3,3,1,1,3,3,1,1,2,2,3,3,471,471,472,1,1,1,1,3,1,471,2,2,2,2,2,2,471,1,1,1,1,1,1,471,2,3,3,3,3,3,471,3,3,2,3,2,3,24,GUJARAT,Sabar Kantha,2,1,471,472,2,2,2,2,2,2
432,432,24,Gandhinagar,473,1,3,3,3,3,1,3,3,3,3,3,2,2,3,472,472,473,1,1,1,1,1,3,472,1,1,1,2,2,1,472,1,1,1,3,1,3,472,3,3,3,3,3,3,472,3,3,3,3,3,3,24,GUJARAT,Gandhinagar,3,2,472,473,3,3,3,3,3,3
433,433,24,Ahmadabad,474,3,3,3,3,3,3,3,3,3,3,3,3,1,3,473,473,474,1,1,1,1,1,3,473,1,1,1,1,2,3,473,1,3,3,3,1,3,473,3,3,3,3,3,3,473,3,3,3,3,3,3,24,GUJARAT,Ahmadabad,3,3,473,474,2,2,2,2,2,3
434,434,24,Surendranagar,475,1,2,3,3,1,1,3,3,1,2,3,2,2,3,474,474,475,1,1,1,1,1,1,474,2,1,2,1,1,1,474,1,3,3,1,1,1,474,3,3,3,3,3,3,474,3,3,3,3,3,3,24,GUJARAT,Surendranagar,2,1,474,475,2,2,2,2,2,2
435,435,24,Rajkot,476,3,3,3,3,3,3,3,3,3,3,3,3,1,3,475,475,476,1,1,1,1,1,2,475,1,1,1,2,2,1,475,1,1,1,1,1,1,475,3,3,3,3,3,3,475,2,3,3,3,3,3,24,GUJARAT,Rajkot,3,2,475,476,2,2,2,2,2,3
436,436,24,Jamnagar,477,1,1,3,3,3,1,3,3,3,2,3,2,2,3,476,476,477,2,2,2,1,2,2,476,1,3,3,3,2,1,476,1,3,3,1,1,3,476,3,3,3,3,3,3,476,3,3,3,3,3,3,24,GUJARAT,Jamnagar,3,2,476,477,2,2,2,2,2,3
437,437,24,Porbandar,478,1,1,3,3,3,1,3,3,3,2,3,3,2,3,477,477,478,1,1,1,1,1,1,477,1,1,1,2,1,2,477,1,1,1,1,1,1,477,3,3,3,3,3,3,477,3,3,3,3,3,2,24,GUJARAT,Porbandar,3,2,477,478,3,3,3,3,3,3
438,438,24,Junagadh,479,1,1,3,3,3,1,3,3,1,2,3,2,2,3,478,478,479,1,1,1,1,1,2,478,2,2,2,2,2,1,478,1,1,1,1,1,1,478,3,3,3,3,3,3,478,3,3,3,3,3,3,24,GUJARAT,Junagadh,3,2,478,479,2,2,2,2,2,3
439,439,24,Amreli,480,2,2,3,3,3,1,3,3,2,2,3,2,2,3,479,479,480,1,1,1,1,1,1,479,2,2,2,2,2,1,479,1,3,1,1,1,1,479,3,3,3,3,3,3,479,2,3,3,3,3,3,24,GUJARAT,Amreli,2,1,479,480,2,2,2,2,2,2
440,440,24,Bhavnagar,481,1,3,3,3,3,1,3,3,3,2,3,2,2,3,480,480,481,3,2,1,1,2,2,480,1,1,1,1,1,1,480,3,1,3,1,1,3,480,3,3,3,3,3,3,480,3,3,3,3,3,3,24,GUJARAT,Bhavnagar,2,1,480,481,2,2,2,2,2,2
441,441,24,Anand,482,1,1,3,3,3,1,3,3,1,1,3,2,2,3,481,481,482,1,3,3,3,1,2,481,1,1,1,1,1,1,481,3,3,3,1,1,1,481,3,3,3,3,3,3,481,3,3,3,3,3,3,24,GUJARAT,Anand,2,1,481,482,3,3,3,3,3,2
442,442,24,Kheda,483,1,2,3,3,1,1,3,2,1,1,2,2,2,3,482,482,483,1,1,1,1,1,1,482,2,2,2,2,2,1,482,1,1,3,3,1,1,482,3,3,3,3,3,3,482,3,3,3,3,3,3,24,GUJARAT,Kheda,1,1,482,483,2,3,3,3,3,1
443,443,24,Panch Mahals,484,2,2,2,1,1,1,3,2,1,1,2,1,3,3,483,483,484,1,1,1,1,1,1,483,2,2,2,2,1,2,483,1,1,1,1,1,1,483,2,3,3,3,3,3,483,3,3,3,3,3,3,24,GUJARAT,Panch Mahals,1,1,483,484,2,2,2,1,2,1
444,444,24,Dohad,485,2,2,2,2,1,1,3,1,1,1,1,1,3,3,484,484,485,1,1,1,1,1,1,484,1,2,2,2,2,2,484,1,1,1,1,1,1,484,3,3,3,3,3,2,484,3,3,3,3,3,2,24,GUJARAT,Dohad,1,1,484,485,2,2,2,1,2,1
445,445,24,Vadodara,486,1,1,3,3,3,3,3,3,3,3,3,2,2,3,485,485,486,1,1,1,1,1,3,485,2,2,2,2,2,1,485,1,1,1,1,1,3,485,3,3,3,3,3,3,485,3,3,3,3,3,3,24,GUJARAT,Vadodara,3,2,485,486,2,2,2,2,2,3
446,446,24,Narmada,487,2,2,2,2,1,1,3,2,1,1,2,1,3,3,486,486,487,1,1,1,1,1,1,486,2,2,2,2,2,2,486,1,1,1,1,1,1,486,3,3,3,3,3,3,486,3,3,3,3,3,2,24,GUJARAT,Narmada,1,1,486,487,2,3,2,1,2,1
447,447,24,Bharuch,488,1,1,3,3,3,2,3,3,3,2,3,2,2,3,487,487,488,1,1,1,1,1,1,487,1,1,1,2,1,1,487,3,1,1,1,1,1,487,3,3,3,3,3,3,487,3,3,3,3,3,3,24,GUJARAT,Bharuch,2,1,487,488,2,2,2,2,2,2
448,448,24,The Dangs,489,2,2,2,2,1,1,2,2,1,1,3,1,3,3,488,488,489,1,1,1,1,1,1,488,1,2,2,2,2,2,488,2,1,1,1,1,1,488,3,3,3,3,3,2,488,2,3,3,3,3,2,24,GUJARAT,The Dangs,1,1,488,489,3,3,3,3,3,1
449,449,24,Navsari,490,2,2,3,3,3,1,3,3,1,1,3,2,2,3,489,489,490,3,3,2,2,2,3,489,3,3,3,3,3,3,489,3,1,3,1,3,1,489,3,3,3,3,2,3,489,3,3,3,3,3,2,24,GUJARAT,Navsari,2,1,489,490,3,3,3,3,3,2
450,450,24,Valsad,491,3,2,2,2,3,1,3,3,1,1,3,2,2,3,490,490,491,1,1,1,2,1,2,490,2,2,2,2,2,3,490,1,1,1,1,1,1,490,3,3,3,3,3,3,490,3,3,2,3,3,2,24,GUJARAT,Valsad,2,1,490,491,3,1,3,3,2,2
451,451,24,Surat,492,3,3,3,3,3,3,3,3,3,3,3,2,2,3,491,491,492,1,1,1,2,2,2,491,2,1,2,2,1,2,491,1,1,1,1,1,1,491,3,3,3,3,3,3,491,3,3,3,3,3,2,24,GUJARAT,Surat,3,2,491,492,2,3,3,3,3,3
455,455,27,Nandurbar,497,2,2,3,3,1,1,2,2,1,1,2,2,3,3,496,496,497,1,1,1,1,1,1,496,2,2,2,2,2,2,496,1,1,1,1,1,1,496,3,3,3,3,3,3,496,3,3,3,2,3,2,27,MAHARASHTRA,Nandurbar,1,1,496,497,2,2,2,2,2,1
456,456,27,Dhule,498,2,2,3,3,1,1,3,3,1,1,3,2,3,3,497,497,498,1,1,1,1,1,1,497,1,2,2,2,1,2,497,1,3,1,1,1,1,497,3,3,3,3,3,3,497,3,3,2,3,2,2,27,MAHARASHTRA,Dhule,2,1,497,498,2,2,1,2,2,2
457,457,27,Jalgaon,499,2,2,3,3,1,1,3,3,3,1,3,1,2,3,498,498,499,1,1,2,1,1,1,498,1,2,2,2,2,2,498,3,1,1,3,1,3,498,3,3,3,3,3,3,498,3,3,3,3,3,3,27,MAHARASHTRA,Jalgaon,2,1,498,499,2,2,2,2,2,2
458,458,27,Buldana,500,2,2,3,3,1,1,3,2,1,1,2,2,3,3,499,499,500,1,1,1,1,1,1,499,2,2,2,2,2,2,499,1,1,1,1,1,1,499,3,3,3,3,3,3,499,3,3,2,3,2,3,27,MAHARASHTRA,Buldana,2,1,499,500,2,2,2,2,2,2
459,459,27,Akola,501,2,2,3,3,1,1,3,2,1,1,2,1,2,3,500,500,501,3,1,1,1,1,2,500,3,3,3,3,1,2,500,1,1,1,1,1,1,500,3,3,3,3,3,3,500,3,3,3,2,3,3,27,MAHARASHTRA,Akola,2,1,500,501,2,2,2,2,2,2
460,460,27,Washim,502,2,2,1,1,1,1,3,2,1,1,2,2,3,3,501,501,502,1,1,2,1,1,1,501,3,2,3,2,3,2,501,1,1,1,1,1,1,501,3,3,3,3,3,3,501,3,3,2,2,1,1,27,MAHARASHTRA,Washim,2,1,501,502,2,2,2,2,2,2
461,461,27,Amravati,503,2,2,3,3,3,1,3,2,1,1,2,2,2,2,502,502,503,1,1,1,1,1,2,502,2,2,2,2,2,2,502,1,1,1,1,1,1,502,2,3,3,3,3,3,502,3,1,2,3,2,3,27,MAHARASHTRA,Amravati,2,1,502,503,2,2,2,2,2,2
462,462,27,Wardha,504,2,2,3,3,3,1,3,3,1,1,2,2,2,3,503,503,504,1,1,1,1,1,2,503,2,2,1,1,2,2,503,1,1,1,1,1,1,503,3,3,3,3,3,3,503,3,3,3,2,3,3,27,MAHARASHTRA,Wardha,2,1,503,504,2,2,2,2,2,2
463,463,27,Nagpur,505,3,3,3,3,3,2,3,3,3,3,3,2,2,3,504,504,505,2,1,1,1,1,3,504,2,2,2,2,2,3,504,1,1,1,1,1,3,504,3,3,3,3,3,3,504,3,3,3,3,3,3,27,MAHARASHTRA,Nagpur,3,2,504,505,2,2,2,2,2,2
464,464,27,Bhandara,506,2,2,1,1,2,1,3,2,1,1,2,2,3,3,505,505,506,1,1,1,1,1,2,505,2,2,2,2,2,2,505,1,1,1,1,1,1,505,3,3,3,3,2,3,505,3,3,3,3,3,1,27,MAHARASHTRA,Bhandara,2,1,505,506,1,1,1,1,1,1
465,465,27,Gondiya,507,2,2,2,1,2,1,3,2,1,1,2,1,3,2,506,506,507,1,1,1,1,1,1,506,2,2,2,2,2,2,506,1,1,1,1,1,1,506,3,3,3,3,3,2,506,2,3,1,2,3,2,27,MAHARASHTRA,Gondiya,1,1,506,507,1,1,1,1,1,1
466,466,27,Gadchiroli,508,2,2,2,1,1,1,2,2,1,1,2,2,3,3,507,507,508,1,1,1,1,1,1,507,2,2,2,2,2,2,507,3,1,1,1,1,1,507,3,3,2,2,2,2,507,3,3,1,3,3,1,27,MAHARASHTRA,Gadchiroli,1,1,507,508,2,1,2,2,2,1
467,467,27,Chandrapur,509,2,2,2,1,1,1,3,2,1,1,2,1,3,3,508,508,509,1,1,1,1,1,2,508,2,2,2,2,2,2,508,3,1,1,1,1,1,508,3,3,2,3,3,3,508,3,3,3,2,3,2,27,MAHARASHTRA,Chandrapur,2,1,508,509,2,2,2,2,1,2
468,468,27,Yavatmal,510,2,2,1,1,1,1,2,2,1,1,2,1,3,3,509,509,510,2,1,1,1,1,1,509,2,2,2,2,2,2,509,1,1,1,3,1,1,509,3,3,3,3,3,2,509,3,3,2,2,2,1,27,MAHARASHTRA,Yavatmal,1,1,509,510,2,2,2,2,2,1
469,469,27,Nanded,511,2,2,3,3,1,1,3,2,1,1,2,1,3,3,510,510,511,1,1,1,1,1,1,510,2,2,2,2,2,2,510,1,1,1,1,1,1,510,3,3,3,3,3,3,510,3,2,3,3,1,3,27,MAHARASHTRA,Nanded,2,1,510,511,2,2,2,2,2,2
470,470,27,Hingoli,512,2,2,2,2,1,1,2,2,1,1,2,1,3,3,511,511,512,1,1,1,1,1,1,511,2,2,1,2,3,2,511,1,1,1,1,1,1,511,3,3,3,3,3,2,511,3,3,3,3,2,2,27,MAHARASHTRA,Hingoli,2,1,511,512,2,2,2,2,2,2
471,471,27,Parbhani,513,2,2,2,2,1,1,3,2,1,1,2,2,3,3,512,512,513,1,1,1,1,1,1,512,3,3,3,2,2,2,512,1,1,1,1,1,1,512,3,3,3,3,3,3,512,3,3,3,2,3,2,27,MAHARASHTRA,Parbhani,2,1,512,513,2,2,2,2,2,2
472,472,27,Jalna,514,2,2,1,3,1,1,3,2,1,1,2,2,3,3,513,513,514,1,1,1,1,1,1,513,2,2,2,2,1,2,513,1,1,1,1,1,1,513,3,3,3,3,3,3,513,3,3,3,3,2,3,27,MAHARASHTRA,Jalna,2,1,513,514,2,2,2,2,2,2
473,473,27,Aurangabad,515,2,2,3,3,1,1,3,3,1,2,3,2,2,3,514,514,515,1,1,1,1,1,2,514,1,2,2,2,2,2,514,1,1,1,1,3,1,514,3,3,3,3,3,3,514,3,3,2,3,3,3,27,MAHARASHTRA,Aurangabad,2,2,514,515,2,2,2,2,2,2
474,474,27,Thane,516,2,3,3,3,1,1,3,2,3,3,3,3,1,3,515,515,516,1,1,1,1,1,2,515,2,2,2,2,2,2,515,3,3,3,3,3,3,515,3,3,3,3,3,3,515,2,3,3,3,3,3,27,MAHARASHTRA,Thane,2,2,515,516,2,2,2,2,2,2
475,475,27,Thane,517,3,3,3,3,3,3,3,3,3,3,3,2,1,3,516,516,517,1,1,1,1,1,3,516,2,2,2,2,2,3,516,1,1,1,1,1,3,516,3,3,3,3,3,3,516,3,3,3,3,3,3,27,MAHARASHTRA,Thane,3,2,516,517,2,2,2,2,2,3
478,478,27,Raigarh,520,3,1,3,3,3,1,3,3,3,1,3,3,2,3,519,519,520,1,1,1,1,1,2,519,2,2,2,2,2,2,519,1,1,1,1,1,1,519,3,3,3,3,3,3,519,3,3,3,3,3,3,27,MAHARASHTRA,Raigarh,3,1,519,520,2,2,2,2,2,3
479,479,27,Pune,521,3,3,3,3,3,1,3,3,3,3,3,2,2,3,520,520,521,1,2,2,2,2,2,520,2,2,2,2,2,2,520,3,1,3,1,3,3,520,3,3,3,3,3,3,520,3,3,3,3,3,3,27,MAHARASHTRA,Pune,3,3,520,521,2,2,2,2,2,2
480,480,27,Ahmadnagar,522,2,2,1,3,1,1,3,2,1,1,3,1,3,3,521,521,522,2,1,1,2,1,2,521,2,2,2,2,2,2,521,3,3,3,3,3,3,521,3,3,3,3,3,3,521,3,3,3,3,3,1,27,MAHARASHTRA,Ahmadnagar,2,1,521,522,2,2,2,2,2,2
481,481,27,Bid,523,2,2,3,3,1,1,3,2,1,1,2,2,3,3,522,522,523,1,1,1,1,1,1,522,2,2,2,2,1,2,522,1,1,1,1,3,1,522,3,3,3,3,3,3,522,3,3,2,3,2,1,27,MAHARASHTRA,Bid,2,1,522,523,2,2,2,2,2,2
482,482,27,Latur,524,2,2,3,3,1,1,3,3,1,1,2,2,2,3,523,523,524,1,1,1,1,1,1,523,3,2,3,2,3,1,523,1,3,1,1,1,1,523,3,3,3,3,3,3,523,3,3,3,2,3,3,27,MAHARASHTRA,Latur,2,1,523,524,2,2,2,2,2,2
483,483,27,Osmanabad,525,2,2,3,3,1,1,2,2,1,1,2,2,3,3,524,524,525,1,1,1,1,1,1,524,3,1,3,2,1,2,524,1,1,1,1,3,1,524,3,3,3,3,3,3,524,3,3,2,3,2,2,27,MAHARASHTRA,Osmanabad,2,1,524,525,2,2,2,2,2,2
484,484,27,Solapur,526,2,2,3,3,1,1,2,2,1,1,3,2,3,3,525,525,526,1,1,1,1,1,2,525,1,1,2,2,2,2,525,1,1,1,3,1,3,525,3,3,3,3,3,3,525,3,3,3,3,3,3,27,MAHARASHTRA,Solapur,2,1,525,526,2,2,2,2,2,2
485,485,27,Satara,527,2,2,3,3,2,1,3,3,3,1,3,2,3,3,526,526,527,1,1,1,1,1,2,526,2,2,2,2,2,2,526,3,3,3,3,3,3,526,3,3,3,3,3,3,526,3,3,3,3,3,3,27,MAHARASHTRA,Satara,2,1,526,527,2,2,2,2,2,2
486,486,27,Ratnagiri,528,2,2,3,1,3,1,3,3,1,1,3,2,3,3,527,527,528,1,1,1,1,1,3,527,2,2,2,2,2,2,527,3,1,1,1,1,1,527,3,3,3,3,3,3,527,3,3,3,3,3,3,27,MAHARASHTRA,Ratnagiri,2,1,527,528,2,2,2,2,2,2
487,487,27,Sindhudurg,529,1,1,1,1,3,1,3,3,1,1,3,2,3,3,528,528,529,1,3,1,1,1,3,528,2,2,2,2,2,1,528,1,1,1,1,1,1,528,3,2,3,3,3,3,528,3,3,3,3,3,1,27,MAHARASHTRA,Sindhudurg,2,1,528,529,1,2,2,2,2,2
488,488,27,Kolhapur,530,2,2,3,3,3,1,3,3,3,3,3,2,3,3,529,529,530,1,1,2,1,1,1,529,2,2,2,2,2,2,529,1,1,1,1,1,1,529,3,3,3,3,3,3,529,3,3,3,3,3,3,27,MAHARASHTRA,Kolhapur,3,2,529,530,2,2,2,2,2,3
489,489,27,Sangli,531,2,2,3,3,3,1,3,3,3,1,3,2,3,3,530,530,531,1,1,1,1,1,1,530,2,2,2,2,2,2,530,1,1,1,1,1,1,530,3,3,3,3,3,3,530,3,3,3,3,3,3,27,MAHARASHTRA,Sangli,2,1,530,531,2,2,2,2,2,2
513,513,29,Belgaum,555,2,2,3,3,1,1,3,3,1,1,3,1,2,3,554,554,555,1,1,1,1,1,1,554,2,2,2,2,2,2,554,1,1,1,1,1,1,554,3,3,3,3,3,3,554,3,3,3,3,3,3,29,KARNATAKA,Belgaum,2,1,554,555,2,2,2,2,2,2
514,514,29,Bagalkot,556,2,2,3,3,1,1,3,2,1,1,2,1,3,3,555,555,556,1,1,1,1,1,1,555,2,2,2,2,2,2,555,1,1,1,1,1,1,555,3,3,3,3,3,3,555,3,3,3,3,3,3,29,KARNATAKA,Bagalkot,2,1,555,556,2,2,2,2,2,2
515,515,29,Bijapur,557,2,1,3,2,1,1,3,2,1,1,2,2,2,3,556,556,557,2,1,1,1,1,1,556,2,2,2,2,2,1,556,3,3,1,1,3,1,556,3,3,3,3,3,3,556,3,3,3,3,2,3,29,KARNATAKA,Bijapur,2,1,556,557,2,2,2,2,2,2
516,516,29,Bidar,558,1,1,3,3,1,1,3,3,1,1,2,2,2,3,557,557,558,1,1,1,1,1,1,557,3,2,1,2,2,2,557,1,1,1,1,1,1,557,3,3,3,3,3,3,557,3,3,3,2,3,1,29,KARNATAKA,Bidar,2,1,557,558,2,2,2,2,2,2
517,517,29,Raichur,559,2,2,3,3,1,1,3,2,1,1,2,1,3,3,558,558,559,1,1,1,1,1,1,558,2,1,2,2,2,2,558,1,1,1,1,1,1,558,3,3,3,3,3,3,558,3,3,3,3,3,3,29,KARNATAKA,Raichur,2,1,558,559,2,2,2,2,2,2
518,518,29,Koppal ,560,2,2,3,3,1,1,3,2,1,1,2,1,3,3,559,559,560,1,1,1,1,1,1,559,2,2,2,2,2,2,559,1,1,1,1,1,1,559,3,3,3,3,3,3,559,3,3,3,3,3,3,29,KARNATAKA,Koppal ,2,1,559,560,2,2,2,3,2,2
519,519,29,Gadag,561,2,2,3,3,1,1,3,3,1,1,2,2,3,3,560,560,561,1,1,1,1,1,1,560,2,2,2,2,2,2,560,1,1,1,1,1,1,560,3,3,3,3,3,3,560,3,3,3,3,3,3,29,KARNATAKA,Gadag,2,1,560,561,2,2,2,2,2,2
520,520,29,Dharwad,562,1,1,3,3,3,1,3,3,1,1,3,1,2,3,561,561,562,1,1,1,1,1,2,561,2,2,2,2,2,1,561,1,1,1,1,1,1,561,3,3,3,3,3,3,561,3,3,3,3,3,3,29,KARNATAKA,Dharwad,3,2,561,562,2,2,2,2,2,3
521,521,29,Uttara Kannada,563,3,3,1,1,3,1,3,3,1,1,2,1,2,3,562,562,563,2,2,2,2,1,2,562,2,2,1,2,2,3,562,1,1,1,1,1,1,562,3,3,3,3,2,3,562,3,3,1,1,3,1,29,KARNATAKA,Uttara Kannada,2,1,562,563,2,1,2,2,1,2
522,522,29,Haveri,564,2,2,3,3,1,1,3,3,1,1,2,2,2,3,563,563,564,1,1,1,1,1,1,563,1,2,2,2,2,2,563,1,1,1,1,1,1,563,3,3,3,3,3,3,563,3,3,3,3,3,3,29,KARNATAKA,Haveri,2,1,563,564,2,2,2,2,1,1
523,523,29,Bellary,565,2,2,3,3,1,1,3,3,1,1,3,1,3,3,564,564,565,1,1,1,1,1,1,564,2,2,2,2,2,2,564,1,1,1,1,1,1,564,3,3,3,3,3,3,564,3,3,3,3,3,3,29,KARNATAKA,Bellary,2,1,564,565,2,2,2,2,2,2
524,524,29,Chitradurga,566,2,2,3,3,1,1,3,3,1,1,2,1,3,3,565,565,566,1,1,1,1,1,1,565,1,2,1,2,2,2,565,1,1,1,1,1,1,565,3,3,3,3,3,3,565,3,3,3,3,3,3,29,KARNATAKA,Chitradurga,2,1,565,566,2,2,2,2,2,2
525,525,29,Davanagere ,567,2,2,3,3,1,1,3,3,1,1,2,1,2,3,566,566,567,1,1,1,1,1,2,566,2,2,2,2,2,2,566,1,1,1,1,1,1,566,3,3,3,3,3,3,566,3,3,3,3,3,3,29,KARNATAKA,Davanagere ,2,1,566,567,2,2,2,2,2,2
526,526,29,Shimoga,568,2,2,3,3,2,2,3,3,1,1,2,2,2,3,567,567,568,1,1,2,2,1,2,567,2,2,2,2,2,2,567,1,1,1,1,1,1,567,3,3,3,3,3,3,567,3,3,3,3,3,3,29,KARNATAKA,Shimoga,3,2,567,568,2,1,2,1,1,3
527,527,29,Udupi,569,3,3,1,1,3,2,3,2,1,1,3,1,3,3,568,568,569,3,3,3,3,2,3,568,2,1,1,3,3,3,568,1,1,1,1,3,1,568,3,3,2,3,3,3,568,3,1,1,1,1,1,29,KARNATAKA,Udupi,3,2,568,569,3,3,3,3,3,3
528,528,29,Chikmagalur,570,2,1,3,3,2,2,3,3,1,1,2,1,2,3,569,569,570,1,1,1,1,1,1,569,2,2,2,2,2,2,569,1,1,1,1,1,1,569,3,3,3,3,3,3,569,3,3,3,3,3,3,29,KARNATAKA,Chikmagalur,2,1,569,570,2,2,2,2,1,2
529,529,29,Tumkur,571,2,2,3,3,1,1,3,3,1,1,2,2,3,3,570,570,571,1,1,1,1,1,1,570,2,2,2,2,2,2,570,1,1,1,1,1,1,570,3,3,3,3,3,3,570,3,3,3,3,3,3,29,KARNATAKA,Tumkur,2,1,570,571,2,2,2,2,2,2
537,537,29,Gulbarga,579,2,2,3,3,1,1,3,2,1,1,2,1,3,3,578,578,579,1,1,1,1,1,1,578,2,2,2,2,2,2,578,1,1,1,1,3,1,578,3,3,3,3,3,3,578,2,3,2,3,2,3,29,KARNATAKA,Gulbarga,2,1,578,579,2,2,2,2,2,2
538,538,29,Kolar,581,2,2,3,3,1,1,3,3,1,1,2,3,3,3,580,580,581,1,1,1,1,1,1,580,2,1,2,2,2,2,580,1,1,1,1,1,1,580,3,3,3,3,3,3,580,3,3,3,1,3,3,29,KARNATAKA,Kolar,2,1,580,581,2,2,3,2,2,2
